company_name,category_code,company_id,finance_people,employee,company_age,milestones,revisions,techcrunch,competitors,competitors_acquired,offices,products,providers,avg_funding_rounds_investors,avg_funding,founders,succ_founders,founders_exp,acquired,investors,acquisitions,acquisitions_cost,investments,funding_rounds
Wetpaint,web,c:1,0,17,143,5,0,0,15117,971,2,2,0,3,13250000,2,0,284,0,4,0,0,0,3
Flektor,games_video,c:10,0,6,0,NULL,0,0,7519,341,1,1,0,0,0,3,3,320,1,0,0,0,0,0
There,games_video,c:100,0,12,0,4,0,0,7519,341,1,0,0,0,0,3,3,NULL,1,0,0,0,0,0
MYWEBBO,network_hosting,c:10000,0,NULL,110,NULL,0,0,2349,201,0,0,0,0,0,0,0,0,0,0,0,0,0,0
"THE Movie Streamer",games_video,c:10001,0,NULL,110,NULL,0,0,7519,342,0,0,0,0,0,0,0,0,0,0,0,0,0,0
"Synergie Media",advertising,c:10002,0,2,123,NULL,0,0,6097,312,2,2,0,0,0,1,0,NULL,0,0,0,0,0,0
"Green Basti Ecosystems",cleantech,c:10003,0,NULL,109,NULL,0,0,1939,115,1,0,0,0,0,0,0,0,0,0,0,0,0,0
HostNine,NULL,c:100042,0,1,0,1,0,0,0,0,0,0,0,0,0,0,0,0,0,0,0,0,0,0
"Thomas Publishing",advertising,c:10005,0,2,0,1,0,0,6097,312,1,0,0,0,0,0,0,0,0,0,0,0,0,0
"Vetter Idea Management System",enterprise,c:100062,0,2,73,1,0,0,4440,409,0,0,0,0,0,2,0,0,0,0,0,0,0,0
ChatRandom,games_video,c:100068,0,NULL,79,1,0,0,7519,342,0,0,0,0,0,0,0,0,0,0,0,0,0,0
ScapadasAmorosas,other,c:10008,0,NULL,126,NULL,0,0,13616,313,0,0,0,0,0,0,0,0,0,0,0,0,0,0
"dimension5 labs",advertising,c:10009,0,2,109,1,0,0,6097,312,1,2,0,0,0,0,0,0,0,0,0,0,0,0
FriendFeed,web,c:1001,0,14,119,3,0,0,15117,970,1,1,0,3,5000000,4,4,236,1,3,0,0,0,1
Whooligan,games_video,c:10010,0,1,117,NULL,0,0,7519,342,0,0,0,0,0,1,0,NULL,0,0,0,0,0,0
PoetryVisualized.com,games_video,c:10011,0,3,116,1,0,0,7519,342,1,1,0,0,0,1,0,92,0,0,0,0,0,0
moviestring.com,games_video,c:10012,0,1,109,NULL,0,0,7519,342,0,2,0,0,0,1,0,0,0,0,0,0,0,0
"The Adory",consulting,c:10013,0,2,116,NULL,0,0,5005,136,0,0,0,0,0,0,0,0,0,0,0,0,0,0
Mobclix,mobile,c:10014,0,9,114,4,0,0,6861,415,1,1,0,1,NULL,1,1,0,1,1,1,NULL,0,1
Fitbit,health,c:10015,1,14,119,NULL,0,0,1697,27,1,0,0,4,13613840,2,0,236,0,7,0,0,0,5
MTPV,cleantech,c:100155,0,6,176,1,0,0,1939,115,1,0,0,3,3375098,0,0,0,0,4,0,0,0,3
Camcorder-batteries.us,other,c:10016,0,NULL,0,NULL,0,0,13616,313,0,0,0,0,0,0,0,0,0,0,0,0,0,0
Paydirt,software,c:100174,0,2,80,1,0,0,17921,1466,1,0,0,0,0,2,0,0,0,0,0,0,0,0
Wreally,web,c:100178,0,2,102,NULL,0,0,15117,971,0,6,0,0,0,2,0,92,0,0,0,0,0,0
Demandbase,analytics,c:10018,2,19,140,3,0,0,1021,39,1,0,0,4,11000000,1,0,0,0,6,0,0,0,3
AirSpeed,software,c:100180,0,NULL,80,NULL,0,0,17921,1466,1,0,0,0,0,0,0,0,0,0,0,0,0,0
"Locatrix Communications",mobile,c:100189,0,2,166,1,0,0,6861,416,1,0,0,2,250000,1,0,0,0,2,0,0,0,1
"Threebrix E-services Pvt Ltd",NULL,c:10020,0,NULL,0,NULL,0,0,0,0,0,0,0,0,0,0,0,0,0,0,0,0,1,0
Diditz,network_hosting,c:10021,0,2,116,NULL,0,0,2349,201,1,1,0,1,NULL,0,0,0,0,1,0,0,0,1
"The Lions Group",NULL,c:100211,0,NULL,0,NULL,0,0,0,0,0,0,0,0,0,0,0,0,0,0,0,0,0,0
"Betts Recruiting",consulting,c:100212,0,2,95,1,0,0,5005,136,2,0,0,0,0,1,0,224,0,0,0,0,0,0
Fundable.com,finance,c:10022,0,3,64,4,0,0,1385,40,1,0,0,0,0,2,0,116,0,0,0,0,3,0
iHireHelp,education,c:100228,0,NULL,83,1,0,0,2900,33,3,0,0,0,100000,0,0,0,0,0,0,0,0,1
LeapRE,advertising,c:10023,0,NULL,152,NULL,0,0,6097,312,1,0,0,0,0,0,0,0,0,0,0,0,0,0
"Your Online Business",advertising,c:100230,0,1,156,1,0,0,6097,312,1,0,0,0,0,0,0,0,0,0,0,0,0,0
"Mobile Monday Pasadena",mobile,c:100231,0,NULL,0,1,0,0,6861,416,1,0,0,0,0,0,0,0,0,0,0,0,0,0
Cardiosolutions,medical,c:100238,1,2,140,NULL,0,0,1152,16,1,0,0,1,5650000,0,0,0,0,1,0,0,0,2
Floatopian,mobile,c:10024,0,2,109,NULL,0,0,6861,416,0,0,0,0,0,2,0,0,0,0,0,0,0,0
DeepFlex,manufacturing,c:100243,0,4,164,NULL,0,0,679,30,1,0,0,3,NULL,0,0,0,0,5,0,0,0,2
"NationWide Auto Lending",web,c:10025,0,NULL,140,NULL,0,0,15117,971,1,0,0,0,0,0,0,0,0,0,0,0,0,0
"Blend Biosciences",biotech,c:100253,0,1,0,NULL,0,0,4429,455,0,0,0,0,2800000,0,0,0,0,0,0,0,0,1
Wevod,games_video,c:10026,0,2,136,NULL,0,0,7519,342,1,0,0,0,207420,0,0,0,0,0,0,0,0,2
"Coastal Supply Company",NULL,c:100265,0,1,0,1,0,0,0,-1,0,0,0,0,0,0,0,0,1,0,0,0,0,0
Limelight,mobile,c:100268,0,NULL,75,3,0,0,6861,416,0,0,0,0,0,0,0,0,0,0,0,0,0,0
GazoPa,games_video,c:10027,0,1,116,1,0,0,7519,342,1,0,0,0,0,0,0,0,0,0,0,0,0,0
"Balance Financial",enterprise,c:100271,0,8,164,1,0,0,4440,409,1,0,0,1,1500000,0,0,0,0,1,0,0,0,1
NewMarCom,consulting,c:10028,0,NULL,111,NULL,0,0,5005,136,1,0,0,0,0,0,0,0,0,0,0,0,0,0
ShopCastTV,mobile,c:10029,0,NULL,128,NULL,0,0,6861,416,1,0,0,0,0,0,0,0,0,0,0,0,0,0
Wikinvest,web,c:1003,0,7,140,2,0,0,15117,971,1,1,0,1,2500000,2,0,200,0,1,0,0,0,1
Minds,network_hosting,c:100301,0,NULL,80,NULL,0,0,2349,201,1,0,0,0,0,0,0,0,0,0,0,0,0,0
"RIO Brands",ecommerce,c:100317,0,NULL,0,NULL,0,0,9064,271,1,0,0,1,NULL,0,0,0,0,1,0,0,0,1
"Solectria Renewables",cleantech,c:100331,0,2,0,NULL,0,0,1939,115,1,0,0,1,2100000,0,0,0,0,1,1,NULL,0,1
"Kumar Pustak Mall Private Limited",other,c:10034,0,2,120,NULL,0,0,13616,313,1,0,0,0,0,1,0,0,0,0,0,0,0,0
"IT EYE Magazine",advertising,c:10037,0,1,140,NULL,0,0,6097,312,1,0,0,0,0,0,0,0,0,0,0,0,0,0
"G2 Web Services",ecommerce,c:100379,0,9,164,1,0,0,9064,271,1,0,0,1,NULL,2,0,NULL,0,1,0,0,0,1
oooooc.com,ecommerce,c:10039,0,2,116,NULL,0,0,9064,271,1,0,0,0,0,2,0,0,0,0,0,0,0,0
Tioti,games_video,c:1004,0,2,0,3,0,0,7519,341,2,0,0,0,0,2,2,320,1,0,0,0,0,0
"Beaupre Public Relations",other,c:10040,0,1,416,NULL,0,0,13616,313,1,6,0,0,0,0,0,0,0,0,0,0,0,0
"Student Teacher Exchange",web,c:10041,0,NULL,111,NULL,0,0,15117,971,0,0,0,0,0,0,0,0,0,0,0,0,0,0
Me-trics,public_relations,c:10042,0,3,119,1,0,0,2845,215,1,1,0,0,0,3,0,0,0,0,0,0,0,0
"OMS SafeHarbor",software,c:10044,0,3,200,NULL,0,0,17921,1466,1,2,0,0,0,0,0,0,0,0,0,0,0,0
Amantel,mobile,c:100442,0,1,188,2,0,0,6861,416,1,2,0,0,0,1,0,0,0,0,0,0,0,0
GigJunkie,games_video,c:10048,0,3,113,NULL,0,0,7519,342,1,0,0,0,0,0,0,0,0,0,0,0,0,0
INNCOM,hardware,c:10049,0,1,380,NULL,0,0,2950,199,1,0,0,0,0,0,0,0,1,0,0,0,0,0
"Glacier Computer",hardware,c:10050,0,NULL,0,NULL,0,0,2950,200,1,0,0,0,0,0,0,0,0,0,0,0,0,0
"Datapro Services International Co, Ltd.",software,c:10053,0,1,164,NULL,0,0,17921,1466,1,1,0,0,0,1,0,0,0,0,0,0,0,0
Jumptap,mobile,c:10054,2,45,152,3,0,0,6861,415,2,0,0,5,17357143,1,1,272,1,7,0,0,0,7
exchangeP,web,c:10057,0,2,116,1,0,0,15117,971,0,0,0,0,0,2,0,0,0,0,0,0,0,0
Testbericht.de,ecommerce,c:100570,0,NULL,121,NULL,0,0,9064,271,0,0,0,0,0,0,0,0,0,0,0,0,0,0
cosinity,web,c:10058,0,NULL,114,NULL,0,0,15117,971,1,0,0,0,0,0,0,0,0,0,0,0,0,0
Datum,NULL,c:100589,0,NULL,0,NULL,0,0,0,-1,0,0,0,0,0,0,0,0,1,0,0,0,0,0
"Shooting People",network_hosting,c:10059,0,4,227,NULL,0,0,2349,201,1,0,0,0,0,2,0,0,0,0,0,0,0,0
Youlicit,web,c:1006,0,5,132,NULL,0,0,15117,971,1,1,0,1,NULL,5,0,0,0,1,0,0,0,1
PDG+creative,NULL,c:10060,0,1,0,NULL,0,0,0,0,0,0,0,0,0,0,0,0,0,0,0,0,0,0
Jogabo,games_video,c:100607,0,5,80,1,0,0,7519,342,1,0,0,1,40000,3,0,164,0,1,0,0,0,1
Workstir,web,c:10062,0,4,0,2,0,0,15117,971,1,0,0,1,NULL,1,0,0,0,1,0,0,0,1
Dotcomweavers,consulting,c:100634,0,NULL,164,1,0,0,5005,136,1,0,0,0,0,0,0,0,0,0,0,0,0,0
"Courion Corporation",software,c:10065,1,19,260,NULL,0,0,17921,1466,1,6,0,0,420000,0,0,0,0,0,0,0,0,2
"Adgregate Markets",ecommerce,c:10066,0,5,112,3,0,0,9064,271,1,0,0,0,0,0,0,0,0,0,1,NULL,0,0
"Du Nguyen",NULL,c:10067,0,1,0,NULL,0,0,0,0,0,0,0,0,0,0,0,0,0,0,0,0,0,0
PlayPhone,games_video,c:10069,1,28,173,3,0,0,7519,342,1,0,0,3,31699067,1,0,NULL,0,5,1,51500000,0,3
Rupture,games_video,c:1007,0,6,0,2,0,0,7519,341,1,1,0,6,3000000,2,2,0,1,6,0,0,0,1
"Cactus Commerce",NULL,c:100704,0,NULL,0,NULL,0,0,0,-1,1,0,0,0,0,0,0,0,1,0,1,NULL,0,0
"Dada Entertainment",mobile,c:10071,0,10,119,2,0,0,6861,416,1,0,0,0,0,0,0,0,0,0,0,0,1,0
payolution,ecommerce,c:100716,0,2,79,1,0,0,9064,271,1,0,0,0,0,1,0,0,0,0,0,0,0,0
"Testimonial Monkey",software,c:100719,0,2,74,1,0,0,17921,1466,1,0,0,0,0,0,0,0,0,0,0,0,0,0
Quifo,search,c:10072,0,NULL,0,NULL,0,0,2181,70,0,1,0,0,0,0,0,0,0,0,0,0,0,0
"Rush Hour",other,c:10073,0,5,107,1,0,0,13616,313,1,1,0,0,0,5,0,368,0,0,0,0,0,0
spreet.it,software,c:100734,0,NULL,84,NULL,0,0,17921,1466,0,0,0,0,0,0,0,0,0,0,0,0,0,0
TelPlexus,NULL,c:100735,0,NULL,236,NULL,0,0,0,-1,1,0,0,0,0,0,0,0,1,0,0,0,0,0
"Osmose Utilities Services",NULL,c:100738,0,NULL,0,NULL,0,0,0,0,1,0,0,0,0,0,0,0,0,0,2,NULL,0,0
Weedee,web,c:10074,0,NULL,0,NULL,0,0,15117,971,0,0,0,0,0,0,0,0,0,0,0,0,0,0
RitAssist,enterprise,c:100742,0,2,236,1,0,0,4440,409,1,0,0,0,0,0,0,0,0,0,0,0,0,0
Birdpost,web,c:10075,0,2,118,1,0,0,15117,971,1,0,0,0,350000,2,0,0,0,0,0,0,0,1
"Ambitious Minds",education,c:100756,0,NULL,104,NULL,0,0,2900,33,1,0,0,1,559522,0,0,0,0,1,0,0,0,1
Popego,advertising,c:10076,0,5,120,2,0,0,6097,312,2,0,0,4,NULL,1,0,0,0,4,0,0,0,1
Jivjiv,mobile,c:10077,0,NULL,176,NULL,0,0,6861,416,0,1,0,0,0,0,0,0,0,0,0,0,0,0
"Reach Further",consulting,c:100777,0,1,131,1,0,0,5005,136,1,0,0,0,0,0,0,0,0,0,0,0,0,0
Foodproof,web,c:10078,0,1,114,NULL,0,0,15117,971,1,1,0,0,0,0,0,0,0,0,0,0,0,0
Carperks,NULL,c:100783,0,NULL,0,NULL,0,0,0,0,1,0,0,0,0,0,0,0,0,0,0,0,0,0
Babylon,search,c:1008,0,3,240,2,0,0,2181,70,1,0,0,0,0,0,0,0,0,0,1,2200000,0,0
"MicroBilt Corporation",software,c:10081,0,4,467,1,0,0,17921,1466,2,0,0,0,0,1,0,0,0,0,0,0,0,0
"immediate future",consulting,c:100814,0,1,160,1,0,0,5005,136,1,0,0,0,0,0,0,0,0,0,0,0,0,0
iCharts,analytics,c:10082,0,5,116,3,0,0,1021,39,1,1,0,4,3100000,2,0,260,0,4,0,0,0,1
Startups.co.uk,enterprise,c:100829,0,NULL,52,NULL,0,0,4440,409,0,0,0,0,0,0,0,0,0,0,0,0,0,0
Asera,NULL,c:10083,0,3,236,1,0,0,0,0,1,0,0,0,0,0,0,0,0,0,0,0,0,0
"TPS Labs",NULL,c:10084,0,2,0,1,0,0,0,0,0,0,0,0,0,0,0,0,0,0,0,0,0,0
RepliWeb,software,c:100840,0,NULL,0,NULL,0,0,17921,1465,1,0,0,0,0,0,0,0,1,0,0,0,0,0
SchedJoules,ecommerce,c:100841,0,2,84,1,0,0,9064,271,1,0,0,0,0,0,0,0,0,0,0,0,0,0
NethostIn,ecommerce,c:100842,0,1,77,1,0,0,9064,271,1,0,0,0,0,0,0,0,0,0,0,0,0,0
Attunity,software,c:100844,0,1,0,1,0,0,17921,1466,1,0,0,1,2625000,0,0,0,0,2,1,NULL,0,4
Compaq,hardware,c:10085,6,91,0,1,0,0,2950,199,3,0,0,0,0,1,1,0,1,0,1,307000000,1,0
TextMarks,mobile,c:10087,0,2,128,1,0,0,6861,416,1,0,0,0,0,0,0,0,0,0,0,0,0,0
Circlefive,software,c:100873,0,3,80,1,0,0,17921,1466,1,0,0,0,0,0,0,0,0,0,0,0,0,0
NomadIQ,NULL,c:10088,0,NULL,0,NULL,0,0,0,0,0,0,0,0,0,0,0,0,0,0,0,0,0,0
"GTE Interactive Media",NULL,c:10089,0,2,0,NULL,0,0,0,0,0,0,0,0,0,0,0,0,0,0,0,0,0,0
Billhighway,software,c:100898,0,3,216,1,0,0,17921,1466,1,0,0,0,0,0,0,0,0,0,0,0,0,0
LingoZ,web,c:1009,0,NULL,0,1,0,0,15117,971,1,1,0,0,0,0,0,0,0,0,0,0,0,0
Musicane,web,c:10091,0,4,0,NULL,0,0,15117,971,1,0,0,0,0,4,0,0,0,0,0,0,0,0
"WMS media, Inc.",public_relations,c:100915,0,5,466,1,0,0,2845,215,1,0,0,0,0,0,0,0,0,0,0,0,0,0
FairSoftware,web,c:10092,0,1,128,1,0,0,15117,971,1,0,0,0,100000,0,0,0,0,0,0,0,0,1
EpiAnalytics,software,c:100926,0,3,108,1,0,0,17921,1466,1,0,0,0,0,1,0,308,0,0,0,0,0,0
"AMAX Global Services",software,c:10093,0,NULL,212,NULL,0,0,17921,1466,1,0,0,0,45000,0,0,0,0,0,0,0,0,1
IQube,NULL,c:100936,0,NULL,0,NULL,0,0,0,0,0,0,0,0,0,0,0,0,0,0,0,0,1,0
"Toytown Germany",NULL,c:100937,0,NULL,0,NULL,0,0,0,-1,0,0,0,0,0,0,0,0,1,0,0,0,0,0
"The Local",news,c:100938,0,2,161,1,0,0,767,27,2,0,0,2,1311172,1,0,0,0,2,1,NULL,0,3
Kamikaze,NULL,c:10094,0,1,0,NULL,0,0,0,0,0,0,0,0,0,0,0,0,0,0,0,0,0,0
"CPBID TECHNOLOGIES",other,c:10095,0,4,191,NULL,0,0,13616,313,1,0,0,0,0,1,0,0,0,0,0,0,0,0
"Face The Buzz",NULL,c:100968,0,1,0,1,0,0,0,0,0,0,0,0,0,1,0,NULL,0,0,0,0,0,0
"VBS Holdings LLC",web,c:10097,0,2,135,NULL,0,0,15117,971,0,1,0,0,0,0,0,0,0,0,0,0,0,0
Tingz,software,c:10098,0,2,125,2,0,0,17921,1466,1,0,0,0,280000,1,0,NULL,0,0,0,0,0,1
"Spotmau Corporation",software,c:10099,0,NULL,140,1,0,0,17921,1466,1,0,0,0,0,0,0,0,0,0,0,0,0,0
Zerigo,NULL,c:100991,0,NULL,0,NULL,0,0,0,-1,0,0,0,0,0,0,0,0,1,0,0,0,0,0
SellABand,games_video,c:101,0,3,133,5,0,0,7519,342,1,1,0,1,5000000,0,0,0,0,1,0,0,0,1
Gazelle,ecommerce,c:1010,0,20,140,2,0,0,9064,271,1,2,0,4,9280000,0,0,0,0,7,0,0,0,5
"Creative Workforce",web,c:10102,0,NULL,117,NULL,0,0,15117,971,0,0,0,0,0,0,0,0,0,0,0,0,0,0
Galaxy,software,c:10104,0,2,111,1,0,0,17921,1466,1,0,0,0,0,1,0,0,0,0,0,0,0,0
plaYce,games_video,c:10105,0,3,116,1,0,0,7519,342,1,0,0,0,0,2,0,0,0,0,0,0,0,0
Icount.com,government,c:101052,0,3,88,NULL,0,0,42,0,1,0,0,4,91250,0,0,0,0,8,0,0,0,2
"Thomson Reuters",public_relations,c:10106,9,100,113,4,0,0,2845,215,1,1,0,0,0,0,0,0,0,0,14,18000000,0,0
StoreSigns,ecommerce,c:101062,0,NULL,72,NULL,0,0,9064,271,1,0,0,0,0,0,0,0,0,0,0,0,0,0
Viavents,ecommerce,c:101073,0,NULL,108,NULL,0,0,9064,271,0,0,0,0,0,0,0,0,0,0,0,0,0,0
"Dassnagar Infosystems",games_video,c:10108,0,NULL,119,NULL,0,0,7519,342,2,0,0,0,0,0,0,0,0,0,0,0,0,0
PeopleBrowsr,web,c:10109,0,8,128,3,0,0,15117,971,2,1,0,0,0,0,0,0,0,0,0,0,0,0
"Elemental Learning",software,c:101090,0,NULL,128,NULL,0,0,17921,1466,1,0,0,0,0,0,0,0,0,0,0,0,0,0
"Rev Worldwide",ecommerce,c:101094,0,4,116,NULL,0,0,9064,271,1,0,0,1,4815940,1,0,0,0,1,0,0,0,2
StockLayouts,ecommerce,c:101102,0,1,194,1,0,0,9064,271,1,0,0,0,NULL,0,0,0,0,0,0,0,0,1
Tonchidot,mobile,c:10111,0,8,109,3,0,0,6861,416,1,2,0,3,8000000,0,0,0,0,4,0,0,0,2
E-prepag,ecommerce,c:101113,0,NULL,140,NULL,0,0,9064,271,1,0,0,0,0,0,0,0,0,0,0,0,0,0
"Having Things Done",other,c:10114,0,3,109,NULL,0,0,13616,313,1,0,0,0,0,2,0,0,0,0,0,0,0,0
"Savvy Penny",advertising,c:101149,0,5,92,NULL,0,0,6097,312,1,0,0,0,0,0,0,0,0,0,0,0,0,0
HammerKit,web,c:10116,0,3,130,NULL,0,0,15117,971,1,0,0,1,1613875,0,0,0,0,1,0,0,0,1
Blogcritics,web,c:10117,0,3,181,1,0,0,15117,970,1,1,0,0,0,1,1,0,1,0,0,0,0,0
"Postcode Anywhere",NULL,c:10118,0,2,0,NULL,0,0,0,0,1,0,0,0,0,0,0,0,0,0,0,0,0,0
WPP,public_relations,c:10119,1,23,560,3,0,0,2845,215,2,0,0,0,0,1,0,NULL,0,0,4,649000000,32,0
MetaPack,software,c:10120,1,15,224,2,0,0,17921,1466,1,0,0,2,15386015,1,0,0,0,3,1,NULL,0,2
"Pareto User Experience Group",NULL,c:101201,0,2,0,1,0,0,0,0,0,0,0,0,0,1,0,NULL,0,0,0,0,0,0
Friendpad,NULL,c:101202,0,NULL,0,NULL,0,0,0,0,0,0,0,0,0,0,0,0,0,0,0,0,0,0
mydate,NULL,c:101203,0,NULL,0,NULL,0,0,0,0,0,0,0,0,0,0,0,0,0,0,0,0,0,0
Franglo,ecommerce,c:10122,0,1,152,NULL,0,0,9064,271,0,0,0,0,0,1,0,0,0,0,0,0,0,0
Virsona,web,c:10123,0,2,125,NULL,0,0,15117,971,1,0,0,0,0,0,0,0,0,0,0,0,0,0
IdenIve,web,c:10125,0,6,113,NULL,0,0,15117,971,1,0,0,0,NULL,0,0,0,0,0,0,0,0,1
"Orchard Information Systems",software,c:10126,0,NULL,464,NULL,0,0,17921,1466,1,0,0,0,0,0,0,0,0,0,0,0,0,0
Echovoice,software,c:101269,0,1,231,1,0,0,17921,1466,1,0,0,0,0,0,0,0,0,0,0,0,0,0
MIXTT,web,c:10127,0,2,115,1,0,0,15117,971,0,0,0,0,0,1,0,164,0,0,0,0,0,0
Eqvilibria,other,c:101271,0,3,102,1,0,0,13616,313,1,0,0,0,720000,2,0,140,0,0,0,0,0,1
Airsports.tv,web,c:10128,0,3,111,1,0,0,15117,971,1,0,0,0,0,0,0,0,0,0,0,0,0,0
Sportsvite,web,c:10129,0,2,128,NULL,0,0,15117,971,1,0,0,1,4350000,0,0,0,0,1,0,0,0,2
"Casual Contracting",other,c:101290,0,NULL,0,NULL,0,0,13616,313,0,0,0,0,0,0,0,0,0,0,0,0,0,0
GeoTrust,NULL,c:10131,0,11,198,1,0,0,0,0,1,0,0,0,0,3,0,344,0,0,0,0,0,0
SideTour,web,c:101312,0,7,75,2,0,0,15117,970,1,0,0,2,2000000,4,4,236,1,4,0,0,0,3
ChatID,mobile,c:101317,0,9,77,1,0,0,6861,416,1,0,0,6,1089333,1,0,0,0,17,0,0,0,3
"PGP TrustCenter",security,c:10132,0,2,248,1,0,0,1170,127,1,0,0,2,8500000,0,0,0,0,2,0,0,0,1
DatingSauce,web,c:101324,0,2,75,1,0,0,15117,971,1,0,0,0,0,2,0,128,0,0,0,0,0,0
"Equifax Secure",NULL,c:10133,0,1,0,NULL,0,0,0,0,0,0,0,0,0,0,0,0,0,0,0,0,0,0
FindProz,ecommerce,c:101335,0,3,75,1,0,0,9064,271,1,0,0,0,0,3,0,0,0,0,0,0,0,0
AdBhai,ecommerce,c:10134,0,1,128,NULL,0,0,9064,271,0,0,0,0,0,1,0,224,0,0,0,0,0,0
ChoicePass,enterprise,c:101340,0,2,74,1,0,0,4440,408,1,0,0,0,250000,2,2,0,1,0,0,0,0,1
AllPropertyManagement.com,NULL,c:101347,0,NULL,0,NULL,0,0,0,0,0,0,0,0,0,0,0,0,0,0,0,0,0,0
Rentlist.com,NULL,c:101348,0,NULL,0,NULL,0,0,0,0,0,0,0,0,0,0,0,0,0,0,0,0,0,0
"Leads Direct",advertising,c:101349,0,3,73,1,0,0,6097,312,1,0,0,0,0,0,0,0,0,0,0,0,0,0
Producteev,software,c:10137,0,12,110,2,0,0,17921,1465,1,0,0,6,436667,2,2,0,1,15,0,0,0,3
PERSONALRIA,web,c:10138,0,NULL,0,1,0,0,15117,971,1,0,0,0,0,0,0,0,0,0,0,0,0,0
TheEyeWorks,consulting,c:101381,0,1,200,1,0,0,5005,136,1,0,0,0,0,0,0,0,0,0,0,0,0,0
TradeCard,enterprise,c:10139,0,5,224,1,0,0,4440,408,1,0,0,1,22462525,0,0,0,1,1,0,0,0,2
Weebo,NULL,c:101392,0,1,0,1,0,0,0,0,0,0,0,0,0,1,0,0,0,0,0,0,0,0
UnitedCulture.tv,NULL,c:101393,0,1,0,1,0,0,0,0,0,0,0,0,0,1,0,0,0,0,0,0,0,0
"Zink Magazine",NULL,c:101394,0,1,0,1,0,0,0,0,0,0,0,0,0,0,0,0,0,0,0,0,0,0
LuxuryFashion.com,NULL,c:101395,0,1,0,1,0,0,0,0,0,0,0,0,0,1,0,0,0,0,0,0,0,0
FlexiScale,network_hosting,c:1014,0,4,240,1,0,0,2349,200,1,0,0,0,0,0,0,0,1,0,0,0,0,0
"Sports Data Hub",games_video,c:10140,0,NULL,116,NULL,0,0,7519,342,0,1,0,0,0,0,0,0,0,0,0,0,0,0
ConTrust,software,c:10142,0,2,118,3,0,0,17921,1466,0,0,0,0,0,0,0,0,0,0,0,0,0,0
"Beth Israel Deaconess Medical Center",other,c:101431,0,17,0,1,0,0,13616,313,1,0,0,0,0,0,0,0,0,0,0,0,0,0
HeyPal,ecommerce,c:101436,0,2,74,1,0,0,9064,270,1,0,0,0,0,0,0,0,1,0,0,0,0,0
Pinolio,software,c:101448,0,1,72,1,0,0,17921,1466,0,0,0,0,0,1,0,104,0,0,0,0,0,0
"Links Global",finance,c:101449,0,NULL,0,NULL,0,0,1385,40,0,0,0,1,22000000,0,0,0,0,1,0,0,0,1
Bojam,games_video,c:10145,0,4,111,3,0,0,7519,342,1,0,0,0,0,3,0,368,0,0,0,0,0,0
Twonq,web,c:10146,0,5,110,NULL,0,0,15117,971,2,2,0,0,800000,3,0,296,0,0,0,0,0,1
"Access Information Management",enterprise,c:101463,0,4,0,NULL,0,0,4440,409,1,0,0,1,NULL,1,0,0,0,1,0,0,0,1
hinttech,NULL,c:10147,0,2,0,NULL,0,0,0,0,0,0,0,0,0,0,0,0,0,0,0,0,0,0
"Vintners’ Alliance",advertising,c:101472,0,NULL,0,NULL,0,0,6097,312,0,0,0,1,1300000,0,0,0,0,1,0,0,0,1
"The Impartial Observer",web,c:10148,0,1,109,NULL,0,0,15117,971,1,0,0,0,0,1,0,0,0,0,0,0,0,0
Striiv,hardware,c:101481,0,NULL,0,1,0,0,2950,200,1,0,0,4,6000000,0,0,0,0,4,0,0,0,1
Teburu,software,c:101489,0,2,82,2,0,0,17921,1466,1,0,0,0,0,2,0,0,0,0,0,0,0,0
"Phones Limited",mobile,c:10149,0,1,186,NULL,0,0,6861,416,0,0,0,0,0,0,0,0,0,0,0,0,0,0
Gamutar,games_video,c:101496,0,1,86,NULL,0,0,7519,342,1,0,0,0,0,1,0,0,0,0,0,0,0,0
Postbox,software,c:10150,0,2,117,3,0,1,17921,1466,1,1,0,0,0,2,0,0,0,0,0,0,0,0
MyVest,software,c:101503,1,9,200,NULL,0,0,17921,1466,1,0,0,0,0,0,0,0,0,0,0,0,0,0
"Vestaron Corporation",biotech,c:101511,1,2,200,NULL,0,0,4429,455,1,0,0,3,10200000,0,0,0,0,3,0,0,0,1
Digitalvaliance,consulting,c:101512,0,NULL,128,NULL,0,0,5005,136,0,0,0,0,0,0,0,0,0,0,0,0,0,0
Vidacare,hardware,c:101519,0,4,0,NULL,0,0,2950,199,1,0,0,0,274999,0,0,0,1,0,0,0,0,1
Contoural,consulting,c:10152,0,10,176,NULL,0,0,5005,136,1,1,0,0,0,0,0,0,0,0,0,0,0,0
agencyQ,advertising,c:101527,1,3,0,NULL,0,0,6097,312,1,0,0,1,1600000,1,0,0,0,1,0,0,0,1
"ITOG, Inc.",network_hosting,c:10153,0,1,132,NULL,0,0,2349,201,1,1,0,1,205000,1,0,116,0,1,0,0,0,1
"Community Pharmacy",biotech,c:101530,0,1,0,NULL,0,0,4429,455,1,0,0,1,NULL,0,0,0,0,1,0,0,0,1
Finestrella,finance,c:101535,0,NULL,116,NULL,0,0,1385,40,1,0,0,2,13800000,0,0,0,0,2,0,0,0,1
PicMe,software,c:10154,0,1,116,NULL,0,0,17921,1466,1,0,0,0,0,1,0,0,0,0,0,0,0,0
AdRocket,advertising,c:10155,0,3,115,2,0,0,6097,312,1,0,0,6,1000000,1,0,188,0,6,0,0,0,1
DevExpress,software,c:101560,0,1,0,NULL,0,0,17921,1466,1,0,0,0,0,0,0,0,0,0,0,0,0,0
"Personal Business Funding",NULL,c:101571,0,NULL,0,NULL,0,0,0,0,0,0,0,0,0,0,0,0,0,0,0,0,0,0
Letbabyplay.com,ecommerce,c:101572,0,3,0,NULL,0,0,9064,271,1,0,0,0,0,0,0,0,0,0,0,0,0,0
StudioNow,photo_video,c:10158,0,2,128,1,0,0,543,11,1,0,0,1,5095472,2,2,248,1,2,0,0,0,3
Brand.net,advertising,c:10159,1,13,128,1,0,0,6097,312,1,0,0,2,9000000,0,0,0,0,3,0,0,0,3
eLagaan,web,c:10160,0,NULL,115,NULL,0,0,15117,971,2,0,0,0,0,0,0,0,0,0,0,0,0,0
"Cartera Commerce",advertising,c:10161,0,4,152,2,0,0,6097,312,1,0,0,3,9392666,0,0,0,0,6,0,0,0,5
"Vtronics Tech Co., ltd.",hardware,c:101622,0,NULL,150,NULL,0,0,2950,200,1,0,0,0,0,0,0,0,0,0,0,0,0,0
MSE360,search,c:10163,0,2,109,1,0,0,2181,70,1,1,0,0,0,0,0,0,0,0,0,0,0,0
Burt,advertising,c:10164,0,9,102,3,0,1,6097,312,1,2,0,1,1750000,2,0,0,0,1,0,0,0,2
Avantel,NULL,c:101643,0,1,0,1,0,0,0,0,0,0,0,0,0,0,0,0,0,0,0,0,0,0
adlib,mobile,c:10165,0,2,184,1,0,0,6861,416,0,0,0,0,0,0,0,0,0,0,0,0,0,0
Altiria,mobile,c:101651,0,NULL,188,NULL,0,0,6861,416,1,0,0,0,0,0,0,0,0,0,0,0,0,0
Acxiom,software,c:10166,2,27,584,2,0,0,17921,1466,1,0,0,0,0,0,0,0,0,0,2,3600000,1,0
Papervitamins,web,c:10167,0,2,112,NULL,0,0,15117,971,2,0,0,0,0,1,0,0,0,0,0,0,0,0
"Computer Waste Ltd",hardware,c:101679,0,1,0,NULL,0,0,2950,200,1,0,0,0,0,0,0,0,0,0,0,0,0,0
"Istanta Group",NULL,c:10168,0,NULL,0,NULL,0,0,0,0,0,0,0,0,0,0,0,0,0,0,0,0,1,0
sarvaMAIL,security,c:10169,0,NULL,0,NULL,0,0,1170,127,1,0,0,1,250000,0,0,0,0,1,0,0,0,1
earthmine,enterprise,c:1017,0,3,134,NULL,0,0,4440,408,1,3,0,0,NULL,2,2,0,1,0,0,0,0,1
VideoSurf,hardware,c:10170,0,7,0,3,0,0,2950,199,1,0,0,10,28000000,4,4,0,1,10,0,0,0,1
"Coderobotics Studio",software,c:101727,0,NULL,92,1,0,0,17921,1466,1,1,0,0,0,0,0,0,0,0,0,0,0,0
Tesaris,software,c:10174,0,3,130,NULL,0,0,17921,1466,1,0,0,0,230000,0,0,0,0,0,0,0,0,1
"My Best Interest",software,c:10175,0,3,130,NULL,0,0,17921,1466,1,1,0,0,375000,0,0,0,0,0,0,0,0,1
"New business venture fund",NULL,c:101758,0,NULL,0,NULL,0,0,0,0,0,0,0,0,0,0,0,0,0,0,0,0,1,0
Transmit,software,c:101759,0,2,99,1,0,0,17921,1466,1,0,0,1,450000,0,0,0,0,1,0,0,0,1
Yammer,enterprise,c:10176,0,38,108,3,0,2,4440,408,2,0,0,5,28400000,3,3,284,1,17,1,NULL,0,5
TripColor,NULL,c:101778,0,NULL,0,NULL,0,0,0,0,0,0,0,0,0,0,0,0,0,0,0,0,0,0
CultStory,software,c:101779,0,5,96,1,0,0,17921,1466,1,1,0,0,0,0,0,0,0,0,0,0,0,0
CropMom,software,c:10178,0,2,110,NULL,0,0,17921,1466,1,0,0,0,0,1,0,0,0,0,0,0,0,0
GoodGuide,web,c:10179,0,14,117,3,0,0,15117,970,1,0,0,3,4743333,1,1,344,1,4,0,0,0,3
Vehom,advertising,c:101797,0,1,74,1,0,0,6097,312,1,0,0,0,0,0,0,0,0,0,0,0,0,0
"Catch the Best",web,c:1018,0,2,119,NULL,0,0,15117,971,1,1,0,0,0,1,0,0,0,0,0,0,0,0
GoPlanit,web,c:10180,0,6,121,2,0,0,15117,971,1,0,0,0,500000,0,0,0,0,0,0,0,0,1
"Buy sell ads",NULL,c:101808,0,NULL,0,NULL,0,0,0,0,0,0,0,0,0,0,0,0,0,0,0,0,0,0
"Blog ads",NULL,c:101809,0,NULL,0,NULL,0,0,0,0,0,0,0,0,0,0,0,0,0,0,0,0,0,0
"AdVeler Advertising",advertising,c:101810,0,6,72,1,0,0,6097,312,2,0,0,0,0,0,0,0,0,0,0,0,0,0
Alfalak,NULL,c:101824,0,NULL,0,NULL,0,0,0,0,0,0,0,0,0,0,0,0,0,0,0,0,1,0
"3D Issue",NULL,c:101829,0,NULL,0,NULL,0,0,0,0,0,0,0,0,0,0,0,0,0,0,0,0,0,0
Marvia,public_relations,c:10183,0,3,118,NULL,0,0,2845,215,1,0,0,0,0,3,0,0,0,0,0,0,0,0
eMagCreator,software,c:101830,0,4,140,1,0,0,17921,1466,2,0,0,0,0,0,0,0,0,0,0,0,0,0
Conjecta,finance,c:101837,0,1,78,2,0,0,1385,40,1,1,0,1,100000,1,0,356,0,1,0,0,0,1
"Be Marketing",consulting,c:101838,0,NULL,0,NULL,0,0,5005,136,1,0,0,0,0,0,0,0,0,0,0,0,0,0
Supponor,other,c:10184,0,NULL,0,NULL,0,0,13616,313,2,0,0,2,13125750,0,0,0,0,2,0,0,0,2
"Resume Desk",web,c:101846,0,NULL,102,NULL,0,0,15117,971,1,0,0,0,0,0,0,0,0,0,0,0,0,0
"Zrc2 Networks",mobile,c:10185,0,1,161,NULL,0,0,6861,416,0,0,0,0,0,0,0,0,0,0,0,0,0,0
"Prototek Manufacturing",other,c:101851,0,NULL,368,NULL,0,0,13616,313,1,0,0,0,0,0,0,0,0,0,0,0,0,0
FaceTags,photo_video,c:101859,0,1,76,NULL,0,0,543,12,0,0,0,0,15000,0,0,0,0,0,0,0,0,1
Smartdex,other,c:10186,0,NULL,128,NULL,0,0,13616,313,0,0,0,0,0,0,0,0,0,0,0,0,0,0
LivingLink,other,c:10187,0,NULL,555,NULL,0,0,13616,313,1,0,0,0,0,0,0,0,0,0,0,0,0,0
"360 Sports Software",games_video,c:10188,0,1,128,1,0,0,7519,342,1,1,0,0,0,0,0,0,0,0,0,0,0,0
Zuse,software,c:101880,0,2,0,1,0,0,17921,1466,1,0,0,1,NULL,2,0,NULL,0,1,0,0,0,1
Transpara,software,c:101882,0,1,142,1,0,0,17921,1466,2,0,0,0,0,1,0,0,0,0,0,0,0,0
"Melon Media",NULL,c:10189,0,1,0,NULL,0,0,0,0,0,0,0,0,0,1,0,260,0,0,0,0,0,0
C2FO,software,c:101893,0,1,115,1,0,0,17921,1466,1,0,0,3,13550000,1,0,NULL,0,4,0,0,0,2
Fon,mobile,c:1019,0,50,139,4,0,0,6861,416,1,2,0,4,14433950,2,0,392,0,10,0,0,0,4
Trendland,web,c:101903,0,2,129,2,0,0,15117,971,1,0,0,0,0,2,0,0,0,0,0,0,0,0
"Legend Natural Gas LLC",NULL,c:101908,1,1,0,1,0,0,0,0,0,0,0,0,0,0,0,0,0,0,0,0,0,0
"El Paso Corporation",NULL,c:101909,0,6,0,1,0,0,0,0,1,0,0,0,0,0,0,0,0,0,0,0,1,0
"API Outsourcing",other,c:10191,1,9,236,1,0,0,13616,313,1,0,0,0,0,0,0,0,0,0,0,0,0,0
"StevensBales, LLC",NULL,c:101910,1,1,0,1,0,0,0,0,0,0,0,0,0,0,0,0,0,0,0,0,0,0
kariyergenc.com,NULL,c:101916,0,1,0,1,0,0,0,0,0,0,0,0,0,0,0,0,0,0,0,0,0,0
"Draconis Software",web,c:10192,0,2,169,NULL,0,0,15117,971,1,2,0,0,0,0,0,0,0,0,0,0,0,0
"Name That Beer iPhone App",NULL,c:101920,0,NULL,0,NULL,0,0,0,-1,0,0,0,0,0,0,0,0,1,0,0,0,0,0
Songpier,games_video,c:101927,0,1,0,NULL,0,0,7519,342,1,1,0,0,0,1,0,0,0,0,0,0,0,0
Audiomagnet,games_video,c:101928,0,NULL,0,NULL,0,0,7519,342,1,0,0,0,0,0,0,0,0,0,0,0,0,0
"Netklix Ltd",advertising,c:10193,0,NULL,140,NULL,0,0,6097,312,1,0,0,0,0,0,0,0,0,0,0,0,0,0
"TatvaSoft India",software,c:101934,0,NULL,193,NULL,0,0,17921,1466,0,0,0,0,0,0,0,0,0,0,0,0,0,0
"TatvaSoft UK",software,c:101936,0,NULL,193,NULL,0,0,17921,1466,1,0,0,0,0,0,0,0,0,0,0,0,0,0
GuysKeepScore,other,c:101938,0,2,74,1,0,0,13616,313,1,0,0,0,0,2,0,0,0,0,0,0,0,0
BragThis.com,games_video,c:10194,0,1,111,NULL,0,0,7519,342,2,2,0,0,NULL,1,0,0,0,0,0,0,0,1
OneLouder,mobile,c:101944,0,4,74,2,0,0,6861,415,2,0,0,0,0,0,0,0,1,0,0,0,0,0
Klowd.com,web,c:101947,0,3,73,1,0,0,15117,971,1,1,0,0,0,0,0,0,0,0,0,0,0,0
"Flying Cart",ecommerce,c:10195,0,3,145,NULL,0,0,9064,271,0,0,0,0,0,1,0,NULL,0,0,0,0,0,0
Paranet,consulting,c:101955,0,2,320,NULL,0,0,5005,136,1,0,0,0,0,0,0,0,0,0,0,0,0,0
Kangalope,advertising,c:10196,0,1,116,NULL,0,0,6097,312,1,0,0,0,0,1,0,0,0,0,0,0,0,0
PostPath,web,c:10197,0,2,176,3,0,0,15117,970,1,0,0,3,12150000,0,0,0,1,3,0,0,0,2
Benovative,games_video,c:101973,0,2,74,1,0,0,7519,342,1,0,0,0,0,2,0,152,0,0,0,0,0,0
"LOC pages",web,c:10198,0,NULL,0,NULL,0,0,15117,970,0,0,0,0,0,0,0,0,1,0,0,0,0,0
"Where I've Been",travel,c:10199,0,3,123,2,0,0,935,19,1,0,0,1,875000,1,1,0,1,1,1,NULL,0,2
JibJab,web,c:1020,0,6,224,4,0,0,15117,971,1,1,0,2,5966667,2,0,0,0,3,0,0,0,3
Swype,software,c:10200,0,5,188,3,0,0,17921,1465,1,0,0,2,2780000,2,2,344,1,7,0,0,0,5
AssertID,NULL,c:102002,0,NULL,0,NULL,0,0,0,0,1,0,0,0,0,0,0,0,0,0,0,0,0,0
HushVine,web,c:102006,0,2,72,1,0,0,15117,971,1,0,0,0,0,2,0,332,0,0,0,0,0,0
K2MediaLabs,NULL,c:102014,0,NULL,0,NULL,0,0,0,0,0,0,0,0,0,0,0,0,0,0,0,0,1,0
"Suffolk Holdings",NULL,c:102015,0,NULL,0,NULL,0,0,0,0,0,0,0,0,0,0,0,0,0,0,0,0,1,0
Alfabetic,advertising,c:10202,0,2,127,NULL,0,0,6097,311,1,0,0,0,0,2,2,0,1,0,0,0,0,0
Clickbooth,other,c:10203,0,12,180,NULL,0,0,13616,313,1,0,0,0,0,0,0,0,0,0,0,0,0,0
Marketbright,software,c:10204,0,5,0,3,0,0,17921,1465,1,2,0,2,NULL,0,0,0,1,3,0,0,0,2
"Five Mill, Inc.",advertising,c:102044,0,2,0,1,0,0,6097,312,1,0,0,0,0,1,0,NULL,0,0,0,0,0,0
"Design Guru",NULL,c:102045,0,1,0,1,0,0,0,0,0,0,0,0,0,1,0,188,0,0,0,0,0,0
"Indian Electronica Records",NULL,c:102046,0,1,0,1,0,0,0,0,0,0,0,0,0,0,0,0,0,0,0,0,0,0
CodeBetter.Com,software,c:10205,0,1,164,NULL,0,0,17921,1466,0,0,0,0,0,0,0,0,0,0,0,0,0,0
StatsTrade,other,c:102056,0,NULL,0,NULL,0,0,13616,313,0,0,0,0,0,0,0,0,0,0,0,0,0,0
DashThis,ecommerce,c:102057,0,3,76,1,0,0,9064,271,1,0,0,0,0,1,0,0,0,0,0,0,0,0
"Three Point Turn",software,c:102060,0,NULL,0,NULL,0,0,17921,1466,1,0,0,0,0,0,0,0,0,0,0,0,0,0
"InTopic Media",advertising,c:102068,0,2,110,1,0,0,6097,312,1,0,0,0,0,1,0,0,0,0,0,0,0,0
Fizziology,other,c:102082,0,5,95,1,0,0,13616,313,1,0,0,0,0,0,0,0,0,0,0,0,0,0
"Multiplied Media",other,c:10209,0,4,187,NULL,0,0,13616,313,1,1,0,0,0,0,0,0,0,0,1,NULL,0,0
"Alpha Software",software,c:102098,0,2,212,NULL,0,0,17921,1466,4,0,0,0,0,0,0,0,0,0,0,0,0,0
Mixaloo,games_video,c:1021,0,2,127,2,0,0,7519,342,1,1,0,2,NULL,2,0,0,0,2,0,0,0,1
"IPe Engenharia de Redes",network_hosting,c:102110,0,4,92,1,0,0,2349,201,1,0,0,0,0,4,0,0,0,0,0,0,0,0
Eventative,NULL,c:102134,0,1,0,1,0,0,0,0,0,0,0,0,0,1,0,104,0,0,0,0,0,0
ProCPR,health,c:10214,0,3,179,1,0,0,1697,27,1,3,0,0,0,3,0,164,0,0,0,0,0,0
"Startup Grind",NULL,c:102140,0,8,92,2,0,0,0,0,0,0,0,0,0,3,0,164,0,0,0,0,0,0
"Zeep Mobile",mobile,c:10215,0,3,109,1,0,0,6861,415,0,0,0,0,0,0,0,0,1,0,0,0,0,0
Smartpunk,NULL,c:102155,0,NULL,0,NULL,0,0,0,-1,0,0,0,0,0,0,0,0,1,0,0,0,0,0
"District Lines",ecommerce,c:102156,0,3,128,1,0,0,9064,271,1,0,0,0,0,0,0,0,0,0,1,NULL,0,0
Twittad,web,c:10216,0,1,110,3,0,0,15117,971,2,0,0,0,0,1,0,200,0,0,0,0,0,0
ReviewSchools.org,web,c:10218,0,NULL,128,NULL,0,0,15117,971,1,0,0,0,0,0,0,0,0,0,0,0,0,0
StratosFile,public_relations,c:102181,0,2,72,1,0,0,2845,215,0,0,0,0,0,2,0,0,0,0,0,0,0,0
"Otreva Designs",web,c:102184,0,1,95,1,0,0,15117,971,1,0,0,0,0,0,0,0,0,0,0,0,0,0
"Warren Creative Web & Graphic Design",software,c:102185,0,NULL,104,NULL,0,0,17921,1466,1,0,0,0,0,0,0,0,0,0,0,0,0,0
eCreative.pl,software,c:102188,0,1,148,1,0,0,17921,1466,1,0,0,0,0,0,0,0,0,0,0,0,0,0
approvee,web,c:102196,0,2,80,NULL,0,0,15117,971,1,0,0,0,0,1,0,116,0,0,0,0,0,0
Zipidee,ecommerce,c:1022,0,1,127,3,0,0,9064,271,1,1,0,3,NULL,1,0,NULL,0,3,0,0,0,1
"marktform GmbH - foerderland.de",web,c:10220,0,3,156,NULL,0,0,15117,971,1,0,0,0,0,3,0,0,0,0,0,0,0,0
Snog.com,other,c:102201,0,2,80,1,0,0,13616,313,0,0,0,0,0,2,0,0,0,0,0,0,0,0
"Free Dentist Finder",consulting,c:102204,0,NULL,111,NULL,0,0,5005,136,1,0,0,0,0,0,0,0,0,0,0,0,0,0
"Redphlag LLC",consulting,c:10221,0,1,116,NULL,0,0,5005,136,1,0,0,0,0,1,0,644,0,0,0,0,0,0
Hitachi,public_relations,c:10222,0,44,0,3,0,0,2845,215,1,0,0,0,0,0,0,0,0,0,7,120000000,1,0
QuiteLiked,web,c:102226,0,NULL,80,NULL,0,0,15117,971,0,0,0,0,0,0,0,0,0,0,0,0,0,0
"Wear to There",web,c:102228,0,NULL,0,NULL,0,0,15117,971,0,0,0,0,0,0,0,0,0,0,0,0,0,0
ExpertSpeakers.net,NULL,c:10223,0,NULL,0,NULL,0,0,0,-1,0,0,0,0,0,0,0,0,1,0,0,0,0,0
SpeakerMatch,web,c:10224,0,2,180,NULL,0,0,15117,971,1,0,0,0,0,1,0,0,0,0,1,NULL,0,0
"Quant the News",web,c:10226,0,2,128,1,0,0,15117,971,1,0,0,2,150000,2,0,344,0,2,0,0,0,1
"ActivPro, LLC",search,c:102262,0,NULL,93,NULL,0,0,2181,70,0,0,0,0,0,0,0,0,0,0,0,0,0,0
Mulodo,web,c:10227,0,2,125,1,0,0,15117,971,1,3,0,0,0,0,0,0,0,0,0,0,0,0
"Magis Networks",semiconductor,c:10228,0,1,224,1,0,0,695,154,1,0,0,0,0,0,0,0,0,0,0,0,0,0
SeedShock,other,c:102286,0,1,72,1,0,0,13616,313,0,0,0,0,0,1,0,116,0,0,0,0,0,0
rmbrME,mobile,c:10229,0,2,128,1,0,0,6861,416,0,1,0,0,0,2,0,284,0,0,0,0,0,0
"Advanced Search Laboratories",search,c:102294,0,6,0,NULL,0,0,2181,70,2,0,0,0,325000,4,0,356,0,0,0,0,0,2
"Proxomo Software, Inc.",mobile,c:102295,0,11,89,2,0,0,6861,416,1,0,0,0,0,3,0,0,0,0,0,0,0,0
"Accenture Technology Labs",NULL,c:102299,0,2,0,1,0,0,0,0,0,0,0,0,0,0,0,0,0,0,0,0,0,0
CBC,NULL,c:10230,0,NULL,0,NULL,0,0,0,0,0,0,0,0,0,0,0,0,0,0,0,0,0,0
"JP Morgan Securities LLC",security,c:102300,0,3,0,2,0,0,1170,127,1,0,0,0,0,0,0,0,0,0,1,NULL,0,0
Molson,NULL,c:10231,0,NULL,0,1,0,0,0,0,0,0,0,0,0,0,0,0,0,0,0,0,0,0
"Workware Systems",software,c:102311,0,NULL,96,NULL,0,0,17921,1466,1,0,0,0,0,0,0,0,0,0,0,0,0,0
Unilever,other,c:10232,0,59,1052,2,0,0,13616,312,1,0,0,0,0,0,0,0,1,0,0,0,0,0
CTV,NULL,c:10233,0,NULL,0,NULL,0,0,0,0,0,0,0,0,0,0,0,0,0,0,0,0,0,0
"KCM Holdings",consulting,c:10234,0,NULL,0,NULL,0,0,5005,136,1,0,0,0,0,0,0,0,0,0,0,0,0,0
"Still Water Development",enterprise,c:10236,0,NULL,0,NULL,0,0,4440,409,1,0,0,0,0,0,0,0,0,0,0,0,0,0
"Vision Media",NULL,c:10237,0,NULL,0,NULL,0,0,0,0,0,0,0,0,0,0,0,0,0,0,0,0,0,0
"i-CD Publishing",NULL,c:10238,0,1,248,1,0,0,0,0,1,0,0,0,0,0,0,0,0,0,0,0,0,0
IntroFly,web,c:102396,0,2,75,NULL,0,0,15117,971,1,0,0,2,75000,2,0,0,0,2,0,0,0,1
zSlide,web,c:1024,0,1,201,NULL,0,0,15117,971,1,2,0,0,0,0,0,0,0,0,0,0,0,0
Exodus,NULL,c:10240,0,4,0,1,0,0,0,0,0,0,0,0,0,0,0,0,0,0,0,0,0,0
onlinetherapy.com,software,c:102404,0,NULL,80,NULL,0,0,17921,1466,0,0,0,0,0,0,0,0,0,0,0,0,0,0
"Velcro USA",NULL,c:102406,0,NULL,0,NULL,0,0,0,0,0,0,0,0,0,0,0,0,0,0,0,0,0,0
"Bauer Hockey",NULL,c:102407,0,NULL,0,NULL,0,0,0,0,0,0,0,0,0,0,0,0,0,0,0,0,0,0
"Moxie Soda",NULL,c:102408,0,NULL,0,NULL,0,0,0,0,0,0,0,0,0,0,0,0,0,0,0,0,0,0
"New Hampshire Lottery",NULL,c:102409,0,NULL,0,NULL,0,0,0,0,0,0,0,0,0,0,0,0,0,0,0,0,0,0
"Global Crossing",public_relations,c:10241,0,16,248,2,0,0,2845,214,2,0,0,1,41000000,1,1,0,1,1,1,27000000,0,1
gopogo,social,c:102413,0,2,94,NULL,0,0,1309,27,1,0,0,0,3000000,2,0,0,0,0,0,0,0,1
"VGo Communications",medical,c:102425,0,13,128,NULL,0,0,1152,16,1,0,0,0,2943305,3,0,NULL,0,0,0,0,0,3
"Future Delivery",web,c:10243,0,2,122,NULL,0,0,15117,971,1,3,0,0,0,2,0,0,0,0,0,0,0,0
911ice,web,c:10244,0,NULL,113,NULL,0,0,15117,971,1,0,0,0,0,0,0,0,0,0,0,0,0,0
Platfora,software,c:102447,0,11,75,NULL,0,0,17921,1466,1,0,0,4,13600000,1,0,0,0,5,0,0,0,2
Infrascale,enterprise,c:102449,0,15,0,1,0,0,4440,409,4,0,0,1,1874982,1,0,0,0,1,0,0,0,2
"18D Information Technology China",games_video,c:10246,0,2,124,NULL,0,0,7519,342,1,0,0,0,0,0,0,0,0,0,0,0,0,0
"Steelwedge Software",enterprise,c:102468,0,2,212,1,0,0,4440,409,1,0,0,1,16000000,0,0,0,0,1,0,0,0,1
"International Drug Mart",other,c:10247,0,1,176,NULL,0,0,13616,313,1,0,0,0,0,0,0,0,0,0,0,0,0,0
YuBiS,software,c:10248,0,NULL,236,NULL,0,0,17921,1466,0,0,0,0,0,0,0,0,0,0,0,0,0,0
"Advanced Millennium Technologies",software,c:10249,0,2,186,NULL,0,0,17921,1466,2,1,0,0,0,0,0,0,0,0,0,0,0,0
Oxtex,medical,c:102491,0,1,0,NULL,0,0,1152,16,1,0,0,1,518902,0,0,0,0,1,0,0,0,2
WorldOne,analytics,c:102497,0,12,212,1,0,0,1021,39,1,0,0,1,30000000,1,0,236,0,2,1,NULL,0,2
DAD,advertising,c:102498,0,NULL,0,NULL,0,0,6097,311,1,0,0,0,0,0,0,0,1,0,0,0,1,0
"LIVECHAT Software",ecommerce,c:1025,0,3,188,3,0,0,9064,271,2,1,0,0,0,1,0,0,0,0,0,0,0,0
xombat,web,c:10250,0,NULL,0,NULL,0,0,15117,971,0,0,0,0,0,0,0,0,0,0,0,0,0,0
InterKnowlogy,software,c:10251,0,4,224,1,0,0,17921,1466,1,0,0,0,0,2,0,0,0,0,0,0,0,0
Mob.ly,mobile,c:10252,0,3,119,2,0,0,6861,415,1,1,0,8,1100000,2,2,NULL,1,8,0,0,0,1
iLoveDeals,web,c:102527,0,2,76,1,0,0,15117,971,1,0,0,0,0,0,0,0,0,0,0,0,0,0
"iWeb Technologies",network_hosting,c:10253,2,4,251,NULL,0,0,2349,200,1,0,0,1,5586996,2,2,0,1,6,1,NULL,0,6
"Instituto Politécnico de Leiria",other,c:10255,0,NULL,452,NULL,0,0,13616,313,7,0,0,0,0,0,0,0,0,0,0,0,0,0
iCloudHosting,network_hosting,c:102554,0,NULL,170,NULL,0,0,2349,201,1,0,0,0,0,0,0,0,0,0,0,0,0,0
"TimeTrade Systems",enterprise,c:10256,1,16,212,3,0,0,4440,409,1,5,0,2,4107500,3,0,0,0,2,0,0,0,3
"Sensing System, Inc",NULL,c:102572,0,NULL,0,NULL,0,0,0,-1,0,0,0,0,0,0,0,0,1,0,0,0,0,0
"Mobile Video Services, Inc",NULL,c:102573,0,NULL,0,NULL,0,0,0,-1,0,0,0,0,0,0,0,0,1,0,0,0,0,0
"Data Collection Ltd",NULL,c:102574,0,NULL,0,NULL,0,0,0,-1,0,0,0,0,0,0,0,0,1,0,0,0,0,0
"Peak Performance Technologies, Inc",NULL,c:102575,0,1,0,NULL,0,0,0,-1,0,0,0,0,0,0,0,0,1,0,0,0,0,0
"House of Moves LLC",NULL,c:102576,0,NULL,0,NULL,0,0,0,-1,0,0,0,0,0,0,0,0,1,0,0,0,0,0
"OMG plc",hardware,c:102577,1,7,404,1,0,0,2950,200,6,0,0,0,0,0,0,0,0,0,6,24600000,0,0
LocoGopher,web,c:1026,0,1,123,NULL,0,0,15117,971,1,1,0,0,0,0,0,0,0,0,0,0,0,0
Huckabuck.com,NULL,c:10260,0,2,0,NULL,0,0,0,0,0,0,0,0,0,1,0,260,0,0,0,0,0,0
"Yuta Nakamoto",NULL,c:102603,0,NULL,0,NULL,0,0,0,0,0,0,0,0,0,0,0,0,0,0,0,0,0,0
Caraquri,software,c:102604,0,NULL,81,NULL,0,0,17921,1466,1,0,0,0,0,0,0,0,0,0,0,0,0,0
"SiteMighty, Inc",NULL,c:10261,0,1,0,NULL,0,0,0,0,0,0,0,0,0,1,0,260,0,0,0,0,0,0
"Destination VIP",NULL,c:10262,0,1,0,NULL,0,0,0,0,1,0,0,0,0,1,0,260,0,0,0,0,0,0
"Inside Out Digital Marketing",search,c:102625,0,1,87,NULL,0,0,2181,70,1,0,0,0,0,0,0,0,0,0,0,0,0,0
FMYI,software,c:10263,1,9,164,1,0,0,17921,1466,2,6,0,0,0,0,0,0,0,0,0,0,0,0
"PRIMA Development Group",software,c:102639,0,1,200,1,0,0,17921,1466,2,0,0,0,0,1,0,0,0,0,0,0,0,0
"Google Japan",search,c:10264,0,3,193,2,0,0,2181,70,2,0,0,0,0,0,0,0,0,0,0,0,0,0
Y5MEDIA,cleantech,c:102652,0,1,80,1,0,0,1939,115,1,0,0,0,0,0,0,0,0,0,0,0,0,0
Goo,NULL,c:10266,0,NULL,0,NULL,0,0,0,0,0,0,0,0,0,0,0,0,0,0,0,0,0,0
"Green Century Solutions LLC",NULL,c:102663,0,1,0,1,0,0,0,0,0,0,0,0,0,0,0,0,0,0,0,0,0,0
Bargania,ecommerce,c:102666,0,NULL,73,NULL,0,0,9064,271,1,0,0,0,0,0,0,0,0,0,0,0,0,0
"Infoseek Rakuten",NULL,c:10267,0,NULL,0,NULL,0,0,0,0,0,0,0,0,0,0,0,0,0,0,0,0,0,0
"Translation Services 24",public_relations,c:102679,0,NULL,90,NULL,0,0,2845,215,2,0,0,0,0,0,0,0,0,0,0,0,0,0
BIGGLOBE,NULL,c:10268,0,NULL,0,NULL,0,0,0,0,0,0,0,0,0,0,0,0,0,0,0,0,0,0
Awem,games_video,c:102682,0,NULL,188,1,0,0,7519,342,1,0,0,0,0,0,0,0,0,0,0,0,0,0
IRIDAS,NULL,c:102689,0,NULL,0,NULL,0,0,0,-1,0,0,0,0,0,0,0,0,1,0,0,0,0,0
Nifty,web,c:10269,0,NULL,380,NULL,0,0,15117,970,1,0,0,0,0,0,0,0,1,0,0,0,0,0
Mesmo.tv,games_video,c:1027,0,8,0,3,0,0,7519,342,1,1,0,7,900000,3,0,272,0,7,0,0,0,1
SiteRapture,network_hosting,c:10270,0,2,128,1,0,0,2349,201,1,2,0,0,0,2,0,548,0,0,0,0,0,0
"PATMADE Patentanwalt Kuehnel",legal,c:102700,0,1,152,1,0,0,1011,4,1,0,0,0,0,0,0,0,0,0,0,0,0,0
Viscape,other,c:10271,0,6,111,NULL,0,0,13616,313,1,0,0,0,0,2,0,0,0,0,0,0,0,0
HereWeDate,web,c:102711,0,2,80,1,0,0,15117,971,1,0,0,0,0,2,0,0,0,0,0,0,0,0
Brosix,public_relations,c:102713,0,1,140,1,0,0,2845,215,0,0,0,0,0,1,0,0,0,0,0,0,0,0
TRUECar,transportation,c:10272,0,29,152,3,0,0,488,7,5,0,0,5,50228571,3,0,488,0,16,2,NULL,0,7
Angstro,software,c:10273,0,4,125,NULL,0,0,17921,1465,1,1,0,1,225000,2,2,344,1,1,0,0,0,1
Klaushofer,biotech,c:102734,0,NULL,296,NULL,0,0,4429,455,0,0,0,0,0,0,0,0,0,0,0,0,0,0
IncSpring,public_relations,c:10274,0,1,114,NULL,0,0,2845,215,1,0,0,0,0,1,0,0,0,0,0,0,0,0
Prestago,web,c:102740,0,1,81,1,0,0,15117,971,0,0,0,0,0,1,0,0,0,0,0,0,0,0
"Social Fixation",advertising,c:102741,0,1,80,1,0,0,6097,312,0,0,0,0,0,0,0,0,0,0,0,0,0,0
TopNotchThemes,ecommerce,c:10275,0,2,114,NULL,0,0,9064,271,1,0,0,0,0,0,0,0,0,0,0,0,0,0
"Knowledge Mgmt. Solutions, Inc.",web,c:10276,0,2,215,NULL,0,0,15117,971,2,0,0,0,0,0,0,0,0,0,0,0,0,0
"ABC Signup",software,c:102767,0,1,180,1,0,0,17921,1466,1,0,0,0,0,0,0,0,0,0,0,0,0,0
Worldres,NULL,c:10277,0,4,0,1,0,0,0,0,1,0,0,0,0,0,0,0,0,0,0,0,0,0
SHOP.CA,ecommerce,c:102774,1,8,74,1,0,0,9064,271,1,0,0,4,26752221,2,0,0,0,4,1,NULL,0,2
"IP Advisers",NULL,c:10278,0,1,0,NULL,0,0,0,0,0,0,0,0,0,0,0,0,0,0,0,0,0,0
"Text A Cab",transportation,c:102783,0,1,111,1,0,0,488,7,1,0,0,0,50000,0,0,0,0,0,0,0,0,1
"AGENTUR - Wohlrab",ecommerce,c:102785,0,NULL,103,NULL,0,0,9064,271,0,1,0,0,0,0,0,0,0,0,0,0,0,0
"Pop VoIP",public_relations,c:102789,0,NULL,0,NULL,0,0,2845,215,0,0,0,0,0,0,0,0,0,0,0,0,0,0
"Life Medical Supplies",other,c:102790,0,NULL,0,NULL,0,0,13616,313,0,0,0,0,0,0,0,0,0,0,0,0,0,0
"Frame Channel, Inc.",NULL,c:102795,0,NULL,0,NULL,0,0,0,-1,0,0,0,0,0,0,0,0,1,0,0,0,0,0
BuyMyTronics.com,hardware,c:1028,0,1,128,3,0,0,2950,200,1,1,0,0,NULL,1,0,0,0,0,0,0,0,1
"Andersen Consulting",NULL,c:10280,2,93,0,1,0,0,0,0,0,0,0,0,0,0,0,0,0,0,0,0,0,0
wohoapp,other,c:102804,0,6,72,1,0,0,13616,313,1,0,0,0,0,1,0,0,0,0,0,0,0,0
NetGravity,software,c:10281,1,8,0,1,0,0,17921,1466,1,0,0,0,0,0,0,0,0,0,0,0,0,0
AisleFinder,NULL,c:102811,0,1,0,2,0,0,0,0,0,0,0,0,0,0,0,0,0,0,0,0,0,0
"Shopeller Eshops",ecommerce,c:102832,0,NULL,78,NULL,0,0,9064,271,0,0,0,0,0,0,0,0,0,0,0,0,0,0
"Thru, Inc.",software,c:102836,0,8,187,1,0,0,17921,1466,4,0,0,4,3683500,0,0,0,0,11,1,NULL,0,4
WowYow,software,c:102838,0,NULL,0,NULL,0,0,17921,1466,0,0,0,0,0,0,0,0,0,0,0,0,0,0
Golfsmith,NULL,c:102849,0,1,0,1,0,0,0,-1,1,0,0,0,125000000,0,0,0,1,0,0,0,0,1
"Thistle Products Ltd",other,c:10285,0,NULL,440,NULL,0,0,13616,313,1,0,0,0,0,0,0,0,0,0,0,0,0,0
"Golf Galaxy",NULL,c:102850,0,NULL,248,NULL,0,0,0,0,1,0,0,0,0,0,0,0,0,0,0,0,0,0
"Smitty's Dot Golf",ecommerce,c:102851,0,NULL,368,NULL,0,0,9064,271,1,0,0,0,0,0,0,0,0,0,0,0,0,0
"Turisticka Komora na Makedonija-TKM",search,c:10286,0,7,115,NULL,0,0,2181,70,1,1,0,0,0,0,0,0,0,0,0,0,0,0
NextGame,web,c:102860,0,2,79,2,0,0,15117,971,0,0,0,0,0,1,0,224,0,0,0,0,0,0
WeHostels,travel,c:102867,0,9,70,3,0,0,935,19,1,1,0,5,1200000,2,2,NULL,1,5,0,0,0,1
EDIGMA,web,c:10287,0,3,204,NULL,0,0,15117,971,1,3,0,0,0,0,0,0,0,0,0,0,0,0
Sproutlet,software,c:102878,0,2,79,1,0,0,17921,1466,0,0,0,0,0,0,0,0,0,0,0,0,0,0
Displax,software,c:10289,0,2,164,NULL,0,0,17921,1466,1,3,0,0,0,0,0,0,0,0,0,0,0,0
"Harvey Prince",ecommerce,c:102891,0,NULL,0,NULL,0,0,9064,271,0,0,0,0,0,0,0,0,0,0,0,0,0,0
"Tasted Menu",hospitality,c:102898,0,3,104,1,0,0,767,13,1,0,0,13,NULL,1,0,176,0,13,0,0,0,1
EdigmaHealthCare,web,c:10290,0,1,128,NULL,0,0,15117,971,1,0,0,0,0,0,0,0,0,0,0,0,0,0
"D.C. Estrada",NULL,c:102904,0,1,0,1,0,0,0,0,0,0,0,0,0,0,0,0,0,0,0,0,0,0
"Osmium Development Company",NULL,c:102905,0,1,0,1,0,0,0,0,0,0,0,0,0,0,0,0,0,0,0,0,0,0
Steelcase,NULL,c:102906,0,3,0,1,0,0,0,0,0,0,0,0,0,0,0,0,0,0,0,0,1,0
"Short Term Housing",other,c:102908,0,1,111,1,0,0,13616,313,1,0,0,0,0,0,0,0,0,0,0,0,0,0
Placefav,web,c:10291,0,1,0,NULL,0,0,15117,971,0,0,0,0,0,1,0,0,0,0,0,0,0,0
"Contegra Systems",search,c:102911,0,2,363,1,0,0,2181,70,0,0,0,0,0,0,0,0,0,0,0,0,0,0
Scavado,software,c:102912,0,1,118,1,0,0,17921,1466,1,0,0,0,0,0,0,0,0,0,0,0,0,0
"Chrome OS Apps.org",NULL,c:102913,0,1,0,1,0,0,0,0,0,0,0,0,0,1,0,0,0,0,0,0,0,0
easyOwn,NULL,c:102915,0,1,0,1,0,0,0,0,0,0,0,0,0,0,0,0,0,0,0,0,0,0
SG2,advertising,c:10292,0,12,211,1,0,0,6097,312,1,0,0,0,0,0,0,0,0,0,0,0,0,0
easyOwn.it,ecommerce,c:102922,1,7,77,2,0,0,9064,271,2,8,0,5,138000,0,0,0,0,5,0,0,0,1
ShareBlossom,enterprise,c:10293,0,3,115,NULL,0,0,4440,409,2,0,0,0,0,3,0,0,0,0,0,0,0,0
mobintent,advertising,c:102933,0,NULL,85,NULL,0,0,6097,312,1,0,0,1,NULL,0,0,0,0,1,0,0,0,1
Flindster,other,c:102936,0,2,75,NULL,0,0,13616,313,0,0,0,0,0,0,0,0,0,0,0,0,0,0
doremond,search,c:102941,0,NULL,73,NULL,0,0,2181,70,0,0,0,0,0,0,0,0,0,0,0,0,0,0
Foodista,hospitality,c:10295,0,3,115,1,0,0,767,13,1,0,0,1,650000,3,0,248,0,1,0,0,0,2
EverWrite,search,c:102952,0,3,69,1,0,0,2181,70,1,0,0,0,0,2,0,140,0,0,0,0,0,0
Intenuum,games_video,c:102959,0,NULL,104,NULL,0,0,7519,342,0,0,0,0,0,0,0,0,0,0,0,0,0,0
InfoReach,software,c:10296,0,6,272,2,0,0,17921,1466,3,8,0,0,0,0,0,0,0,0,0,0,0,0
iThryv,web,c:10298,0,5,122,2,0,0,15117,971,1,0,0,0,0,2,0,0,0,0,0,0,0,0
NewsPlugger,other,c:102983,0,NULL,0,NULL,0,0,13616,313,0,0,0,0,0,0,0,0,0,0,0,0,0,0
"HY-TEK Sports Software",software,c:10299,0,NULL,428,NULL,0,0,17921,1465,1,0,0,0,0,0,0,0,1,0,0,0,0,0
"Funny Or Die",games_video,c:103,0,16,126,2,0,0,7519,342,1,2,0,2,9000000,5,0,524,0,4,0,0,0,4
CityTherapy,web,c:1030,0,2,150,NULL,0,0,15117,970,1,0,0,1,NULL,2,2,0,1,1,0,0,0,1
FlatSoft,NULL,c:10300,0,2,0,NULL,0,0,0,0,1,0,0,0,0,0,0,0,0,0,0,0,0,0
"Kazan Portal",NULL,c:10301,0,1,0,NULL,0,0,0,0,0,0,0,0,0,0,0,0,0,0,0,0,0,0
"FilterBoxx Water & Environmental",cleantech,c:103016,0,3,0,NULL,0,0,1939,115,1,0,0,2,9000000,0,0,0,0,2,0,0,0,1
Govity.com,web,c:103029,0,2,78,1,0,0,15117,971,1,0,0,0,0,0,0,0,0,0,0,0,0,0
sho'fr,web,c:10303,0,NULL,134,NULL,0,0,15117,971,0,0,0,0,0,0,0,0,0,0,0,0,0,0
Trottergo,web,c:103074,0,NULL,0,NULL,0,0,15117,971,0,0,0,0,0,0,0,0,0,0,0,0,0,0
MyFoodMyHealth,other,c:103079,0,NULL,0,NULL,0,0,13616,313,0,0,0,0,0,0,0,0,0,0,0,0,0,0
Klatcher,web,c:10308,0,1,110,1,0,0,15117,971,1,1,0,0,150000,1,0,224,0,0,0,0,0,1
Captain-CV.com,consulting,c:103084,0,1,0,NULL,0,0,5005,136,0,0,0,0,0,1,0,0,0,0,0,0,0,0
"Granted Peace Services",consulting,c:103088,0,2,110,1,0,0,5005,136,1,0,0,0,0,0,0,0,0,0,0,0,0,0
OCLC,other,c:10309,1,21,602,3,0,0,13616,313,16,4,0,0,0,0,0,0,0,0,3,6577800,0,0
"PG Realty",software,c:10310,0,NULL,152,NULL,0,0,17921,1466,1,1,0,0,0,0,0,0,0,0,0,0,0,0
Tweegee,games_video,c:10311,0,4,116,3,0,0,7519,342,4,0,0,0,3000000,2,0,92,0,0,0,0,0,1
"I'm Broke Let's Deal",web,c:103118,0,1,74,1,0,0,15117,971,1,0,0,0,0,1,0,0,0,0,0,0,0,0
QUBESTREET,public_relations,c:10312,0,NULL,142,NULL,0,0,2845,215,0,0,0,0,0,0,0,0,0,0,0,0,0,0
"Visible Pixel",web,c:10313,0,1,123,NULL,0,0,15117,971,1,0,0,0,0,0,0,0,0,0,0,0,0,0
"BringIt Sign Up Sheets",web,c:10314,0,NULL,116,NULL,0,0,15117,971,1,0,0,0,0,0,0,0,0,0,0,0,0,0
AnyCoupons,NULL,c:103145,0,NULL,0,NULL,0,0,0,-1,0,0,0,0,0,0,0,0,1,0,0,0,0,0
SoMoLend,finance,c:103155,0,4,76,1,0,0,1385,40,1,0,0,4,1079000,1,0,0,0,6,0,0,0,5
Debate.com,network_hosting,c:10317,0,2,121,NULL,0,0,2349,201,1,0,0,0,0,2,0,0,0,0,0,0,0,0
MegaContacts,other,c:10318,0,NULL,0,NULL,0,0,13616,313,0,0,0,0,0,0,0,0,0,0,0,0,0,0
"Brand Embassy",public_relations,c:103181,0,3,74,1,0,0,2845,215,2,0,0,0,0,3,0,0,0,0,1,NULL,0,0
Moonjee,ecommerce,c:10319,0,NULL,115,NULL,0,0,9064,271,0,0,0,0,0,0,0,0,0,0,0,0,0,0
"hey, hey! gorgeous.",web,c:103200,0,4,73,2,0,0,15117,971,1,0,0,0,0,3,0,0,0,0,0,0,0,0
PlayerDuel,mobile,c:103204,0,2,80,1,0,0,6861,416,1,0,0,1,21189,2,0,164,0,2,0,0,0,2
AdEasy,advertising,c:103209,0,1,78,1,0,0,6097,312,3,0,0,0,0,1,0,140,0,0,0,0,0,0
"M/s Excellent Services",consulting,c:103216,0,NULL,217,NULL,0,0,5005,136,0,0,0,0,0,0,0,0,0,0,0,0,0,0
"Crisp Thinking",software,c:10322,1,8,142,NULL,0,0,17921,1466,1,0,0,0,0,1,0,0,0,0,1,NULL,0,0
"Jenius Industries Inc.",NULL,c:10323,0,2,0,NULL,0,0,0,0,0,0,0,0,0,0,0,0,0,0,0,0,0,0
Guavus,analytics,c:103233,0,4,139,2,0,0,1021,39,1,1,0,3,16102563,1,0,0,0,7,1,NULL,0,5
"Matter of Fact Software",software,c:103236,0,NULL,115,NULL,0,0,17921,1466,0,2,0,0,0,0,0,0,0,0,0,0,0,0
chi.mp,network_hosting,c:10324,0,4,117,NULL,0,0,2349,201,1,0,0,0,0,3,0,368,0,0,0,0,0,0
"Max Bohr",consulting,c:103249,0,NULL,77,NULL,0,0,5005,136,1,0,0,0,0,0,0,0,0,0,0,0,0,0
BeTheBetterMan.com,web,c:10325,0,4,0,NULL,0,0,15117,971,3,1,0,0,0,4,0,224,0,0,0,0,0,0
WebBizIdeas,consulting,c:10326,0,2,164,NULL,0,0,5005,136,1,0,0,0,0,0,0,0,0,0,0,0,0,0
"SM Onyomo Infotech",search,c:10329,0,2,110,NULL,0,0,2181,70,1,1,0,0,0,1,0,0,0,0,0,0,0,0
"Ubikorp Internet Services",NULL,c:103290,0,1,0,1,0,0,0,0,0,0,0,0,0,0,0,0,0,0,0,0,0,0
Skytrax,NULL,c:103291,0,NULL,0,NULL,0,0,0,0,0,0,0,0,0,0,0,0,0,0,0,0,0,0
Routehappy,transportation,c:103292,0,8,80,NULL,0,0,488,7,1,0,0,3,917500,2,0,0,0,3,0,0,0,2
"Mindtricx Solutions Technologies",software,c:10330,0,NULL,138,NULL,0,0,17921,1466,1,0,0,0,0,0,0,0,0,0,0,0,0,0
Telespree,software,c:10331,0,1,236,1,0,0,17921,1466,1,0,0,0,1000000,0,0,0,0,0,0,0,0,1
MyVocal,mobile,c:10332,0,NULL,128,NULL,0,0,6861,416,0,0,0,0,0,0,0,0,0,0,0,0,0,0
"Happy Inspector",mobile,c:103323,0,3,71,1,0,0,6861,416,2,0,0,2,895000,3,0,200,0,2,0,0,0,1
CELLTRADEin,mobile,c:103324,0,NULL,0,NULL,0,0,6861,416,1,0,0,0,0,0,0,0,0,0,0,0,0,0
ZFlip.com,web,c:103327,0,1,79,NULL,0,0,15117,971,2,0,0,0,0,1,0,272,0,0,0,0,0,0
Bloguzz,web,c:10333,0,3,128,NULL,0,0,15117,971,0,0,0,0,0,3,0,296,0,0,0,0,0,0
"Mighty Kingdom",games_video,c:103334,0,2,80,1,0,0,7519,342,1,0,0,0,0,1,0,200,0,0,0,0,0,0
"ROYALTON Luxury Car and Limousine Service",other,c:10334,0,NULL,0,NULL,0,0,13616,313,0,0,0,0,0,0,0,0,0,0,0,0,0,0
KitchMe,web,c:103343,0,4,77,1,0,0,15117,970,0,0,0,0,0,4,4,320,1,0,0,0,0,0
"Unified Software",web,c:10335,0,2,172,NULL,0,0,15117,971,1,0,0,0,0,0,0,0,0,0,0,0,0,0
"straberger conversations gmbh",NULL,c:103358,0,1,0,1,0,0,0,0,0,0,0,0,0,0,0,0,0,0,0,0,0,0
"Property Chat UK",other,c:10336,0,1,109,NULL,0,0,13616,313,1,0,0,0,0,1,0,0,0,0,0,0,0,0
Abunga.com,ecommerce,c:10337,0,5,125,1,0,0,9064,271,1,0,0,0,0,0,0,0,0,0,0,0,0,0
"Impulse Buy Network",NULL,c:103370,0,3,0,1,0,0,0,0,0,0,0,0,0,2,0,NULL,0,0,0,0,0,0
"Aventure Host",network_hosting,c:10338,0,9,176,NULL,0,0,2349,200,1,0,0,0,0,0,0,0,1,0,0,0,0,0
FoundValue,web,c:103388,0,3,165,1,0,0,15117,971,0,0,0,1,2375000,1,0,320,0,1,0,0,0,2
LeBootCamp,web,c:103390,0,3,166,2,0,0,15117,971,0,0,0,0,0,1,0,0,0,0,0,0,0,0
"Lime Productions",web,c:10340,0,1,152,NULL,0,0,15117,971,1,0,0,0,0,0,0,0,0,0,0,0,0,0
Zaalry,NULL,c:103400,0,NULL,0,NULL,0,0,0,0,0,0,0,0,0,0,0,0,0,0,0,0,0,0
"Global Link Language Services",other,c:103405,0,NULL,253,NULL,0,0,13616,313,1,0,0,0,0,0,0,0,0,0,0,0,0,0
Pepmall,ecommerce,c:10341,0,4,114,NULL,0,0,9064,271,1,0,0,0,0,0,0,0,0,0,0,0,0,0
"Timeline SEO, LLC.",NULL,c:103414,0,1,0,1,0,0,0,0,0,0,0,0,0,0,0,0,0,0,0,0,0,0
PositiveTALK,web,c:103416,0,2,77,1,0,0,15117,971,1,0,0,0,0,0,0,0,0,0,0,0,0,0
Intera,software,c:10342,0,NULL,0,NULL,0,0,17921,1466,1,0,0,0,0,0,0,0,0,0,0,0,0,0
2Big2Send,web,c:10343,0,2,126,NULL,0,0,15117,971,1,2,0,0,0,1,0,0,0,0,0,0,0,0
"kmans beach",games_video,c:103430,0,2,114,1,0,0,7519,342,0,0,0,0,0,0,0,0,0,0,0,0,0,0
Advia,advertising,c:103432,0,1,80,1,0,0,6097,312,0,0,0,0,0,0,0,0,0,0,0,0,0,0
plentyoads.com/,advertising,c:103433,0,NULL,77,NULL,0,0,6097,312,0,0,0,0,0,0,0,0,0,0,0,0,0,0
"The Aerospace Corporation",NULL,c:103447,0,4,0,1,0,0,0,0,0,0,0,0,0,0,0,0,0,0,0,0,0,0
"IFT Tomatoes",NULL,c:10345,0,NULL,0,NULL,0,0,0,-1,0,0,0,0,0,0,0,0,1,0,0,0,0,0
pumpkynHead,education,c:103458,0,3,80,2,0,0,2900,33,2,1,0,0,0,1,0,NULL,0,0,0,0,0,0
ACCORD5,software,c:10346,0,4,124,1,0,0,17921,1466,0,1,0,0,0,0,0,0,0,0,2,NULL,0,0
TipMyBlog,web,c:10347,0,NULL,0,NULL,0,0,15117,971,0,0,0,0,0,0,0,0,0,0,0,0,0,0
Ludus,games_video,c:103470,0,2,73,1,0,0,7519,342,1,0,0,0,0,2,0,0,0,0,0,0,0,0
"Storymix Media",photo_video,c:103477,0,NULL,73,1,0,0,543,12,1,2,0,0,77500,0,0,0,0,0,0,0,0,2
Trapeze,NULL,c:10348,0,1,0,NULL,0,0,0,0,0,0,0,0,0,0,0,0,0,0,0,0,0,0
"Keyword Eye",software,c:103482,0,1,0,1,0,0,17921,1466,0,0,0,0,0,0,0,0,0,0,0,0,0,0
Speakermix,other,c:103483,0,NULL,80,1,0,0,13616,313,0,0,0,0,0,0,0,0,0,0,0,0,0,0
"Neighborhood Basketball Program",other,c:103486,0,NULL,176,NULL,0,0,13616,313,0,0,0,0,0,0,0,0,0,0,0,0,0,0
SwimTopia,software,c:103487,0,3,80,2,0,0,17921,1466,1,0,0,0,0,0,0,0,0,0,0,0,0,0
GroupCharger,web,c:103490,0,NULL,80,1,0,0,15117,971,1,0,0,0,0,0,0,0,0,0,0,0,0,0
JPEGmini,web,c:103499,0,NULL,0,1,0,0,15117,971,1,2,0,0,0,0,0,0,0,0,0,0,0,0
MSNBC,web,c:1035,0,16,260,4,0,0,15117,971,1,0,0,0,0,0,0,0,0,0,2,NULL,0,0
"The M Agency",consulting,c:103507,0,NULL,75,NULL,0,0,5005,136,0,0,0,0,0,0,0,0,0,0,0,0,0,0
Webvanta,public_relations,c:10351,0,7,120,1,0,0,2845,215,1,0,0,1,420655,0,0,0,0,1,0,0,0,4
Vayersoft,games_video,c:10352,0,1,121,NULL,0,0,7519,342,1,1,0,0,0,0,0,0,0,0,0,0,0,0
"Green Bonds",NULL,c:103522,0,1,0,1,0,0,0,0,0,0,0,0,0,0,0,0,0,0,0,0,0,0
Rentals.com,search,c:10353,0,2,0,NULL,0,0,2181,70,1,0,0,0,0,0,0,0,0,0,0,0,0,0
"Aventure Media",web,c:10354,0,5,176,NULL,0,0,15117,971,1,0,0,0,0,0,0,0,0,0,0,0,0,0
"Bassett Providentia",software,c:103545,0,NULL,80,NULL,0,0,17921,1466,0,0,0,0,0,0,0,0,0,0,0,0,0,0
"Aventure Mail",advertising,c:10355,0,1,0,NULL,0,0,6097,312,0,0,0,0,0,0,0,0,0,0,0,0,0,0
"TriVium Systems",software,c:103556,0,NULL,260,NULL,0,0,17921,1466,1,0,0,0,0,0,0,0,0,0,0,0,0,0
Ciao,web,c:10356,0,2,224,2,0,0,15117,970,1,0,0,0,0,0,0,0,1,0,0,0,0,0
"Amrit Advanced Biotech",biotech,c:103561,0,2,126,1,0,0,4429,455,2,0,0,3,1080800,0,0,0,0,3,0,0,0,3
capecodrentalsvacation.com,NULL,c:103563,0,NULL,0,NULL,0,0,0,0,0,0,0,0,0,0,0,0,0,0,0,0,0,0
"Cape Cod Rentals Vacation",advertising,c:103566,0,NULL,0,NULL,0,0,6097,312,0,0,0,0,0,0,0,0,0,0,0,0,0,0
"Great Scores",ecommerce,c:103567,0,2,176,1,0,0,9064,271,0,0,0,0,0,0,0,0,0,0,0,0,0,0
Xat,web,c:10357,0,NULL,0,NULL,0,0,15117,971,1,0,0,0,0,0,0,0,0,0,0,0,0,0
Aitito,web,c:10359,0,NULL,0,NULL,0,0,15117,971,0,0,0,0,0,0,0,0,0,0,0,0,0,0
Testuff,web,c:1036,0,1,128,NULL,0,0,15117,971,1,1,0,0,0,0,0,0,0,0,0,0,0,0
"Beck Energy",cleantech,c:10360,0,NULL,188,NULL,0,0,1939,115,1,0,0,0,0,0,0,0,0,0,0,0,2,0
"Online Appointment scheduler",software,c:103608,0,NULL,224,NULL,0,0,17921,1466,0,0,0,0,0,0,0,0,0,0,0,0,0,0
splaht!,web,c:10361,0,1,116,NULL,0,0,15117,971,1,0,0,0,0,1,0,0,0,0,0,0,0,0
"Project Amarillo",games_video,c:10362,0,NULL,146,NULL,0,0,7519,342,1,0,0,0,0,0,0,0,0,0,0,0,0,0
"Maquetacion HTML",other,c:103620,0,NULL,72,NULL,0,0,13616,313,0,0,0,0,0,0,0,0,0,0,0,0,0,0
Qpons,mobile,c:10363,0,NULL,110,NULL,0,0,6861,416,0,0,0,0,0,0,0,0,0,0,0,0,0,0
"Loud Crow",NULL,c:103640,0,NULL,0,NULL,0,0,0,0,0,0,0,0,0,0,0,0,0,0,0,0,0,0
Bacciz,mobile,c:103641,0,1,104,NULL,0,0,6861,416,1,0,0,0,0,1,0,0,0,0,0,0,0,0
"Alefo Interactive",web,c:10365,0,1,142,NULL,0,0,15117,971,1,0,0,0,0,0,0,0,0,0,0,0,0,0
Susuh,advertising,c:10366,0,NULL,122,NULL,0,0,6097,312,1,0,0,0,0,0,0,0,0,0,0,0,0,0
"Greek Property Exchange (GPE)",web,c:103677,0,1,92,NULL,0,0,15117,971,0,0,0,0,0,1,0,0,0,0,0,0,0,0
"BouliBrand Marketing",consulting,c:103681,0,1,150,NULL,0,0,5005,136,0,0,0,0,0,1,0,0,0,0,0,0,0,0
"Social Gear",mobile,c:103683,0,1,73,1,0,0,6861,416,1,0,0,0,0,1,0,176,0,0,0,0,0,0
frankst0ned,web,c:10369,0,5,200,NULL,0,0,15117,971,1,0,0,0,0,3,0,0,0,0,0,0,0,0
"Hydra-Electric Company",other,c:103690,0,2,836,NULL,0,0,13616,313,1,0,0,0,0,1,0,0,0,0,0,0,0,0
"LiveProcess Corp.",software,c:103697,0,2,164,1,0,0,17921,1466,1,0,0,0,1616176,2,0,344,0,0,0,0,0,1
"Pretty Paper Invitations",web,c:103699,0,NULL,104,NULL,0,0,15117,971,0,0,0,0,0,0,0,0,0,0,0,0,0,0
"Google Earth Blog",search,c:10370,0,NULL,146,NULL,0,0,2181,70,0,0,0,0,0,0,0,0,0,0,0,0,0,0
Utagoe,games_video,c:10371,0,1,200,2,0,0,7519,342,2,0,0,0,0,0,0,0,0,0,0,0,0,0
ViewMyBrand,other,c:103719,0,NULL,104,NULL,0,0,13616,313,1,0,0,0,0,0,0,0,0,0,0,0,0,0
QT,other,c:10372,0,NULL,0,NULL,0,0,13616,313,0,0,0,0,0,0,0,0,0,0,0,0,0,0
"Coupons BC",web,c:103725,0,1,0,NULL,0,0,15117,971,0,0,0,0,0,0,0,0,0,0,0,0,0,0
CORKCICLE,NULL,c:103738,0,1,0,1,0,0,0,0,0,0,0,0,0,0,0,0,0,0,0,0,0,0
ElectronicCigarettesFast.com,ecommerce,c:103741,0,NULL,86,NULL,0,0,9064,271,1,0,0,0,0,0,0,0,0,0,0,0,0,0
Cauzoom,web,c:103743,0,1,77,1,0,0,15117,971,1,0,0,0,0,1,0,308,0,0,0,0,0,0
GoCodes,web,c:103751,0,2,79,1,0,0,15117,971,0,0,0,0,0,2,0,0,0,0,0,0,0,0
uSamp,web,c:10376,1,15,113,3,0,0,15117,971,4,5,0,2,7385000,0,0,0,0,4,1,NULL,0,4
Mightybell,software,c:103764,0,4,92,2,0,0,17921,1466,0,0,0,0,0,2,0,284,0,0,0,0,0,0
"HiPromos Limited",advertising,c:103767,0,NULL,96,NULL,0,0,6097,312,0,0,0,0,0,0,0,0,0,0,0,0,0,0
artandseek,other,c:10378,0,2,123,NULL,0,0,13616,313,2,0,0,0,50000,0,0,0,0,0,0,0,0,1
"Foresight Technologies",NULL,c:103787,0,1,0,NULL,0,0,0,0,1,0,0,0,0,0,0,0,0,0,0,0,0,0
"Luxenti (fka Cosmo Industrie)",other,c:10379,0,2,118,1,0,0,13616,313,1,0,0,0,0,0,0,0,0,0,0,0,0,0
"Aver Informatics",analytics,c:103791,0,2,87,1,0,0,1021,39,1,1,0,8,825000,0,0,0,0,20,0,0,0,3
"Rubicon Project",advertising,c:1038,0,29,124,5,0,0,6097,312,5,2,0,3,8571429,4,0,0,0,12,4,NULL,0,7
"Esagrafica Service Solutions",hardware,c:10380,0,NULL,0,NULL,0,0,2950,200,1,0,0,0,0,0,0,0,0,0,0,0,0,0
"Kale Host",network_hosting,c:10381,0,1,143,1,0,0,2349,201,1,0,0,0,0,0,0,0,0,0,0,0,0,0
AdStorm,NULL,c:103819,0,1,0,NULL,0,0,0,0,1,0,0,0,0,0,0,0,0,0,0,0,0,0
FameStart,other,c:103820,0,3,79,NULL,0,0,13616,313,1,1,0,0,0,1,0,0,0,0,0,0,0,0
Everydiet.org,NULL,c:103822,0,NULL,0,NULL,0,0,0,0,0,0,0,0,0,0,0,0,0,0,0,0,0,0
3fatchicks.com,NULL,c:103823,0,NULL,0,NULL,0,0,0,0,0,0,0,0,0,0,0,0,0,0,0,0,0,0
Fitoodle,web,c:103824,0,1,76,1,0,0,15117,971,0,0,0,0,0,1,0,0,0,0,0,0,0,0
"Daily Flat Rental",ecommerce,c:10384,0,1,116,NULL,0,0,9064,271,1,0,0,0,0,0,0,0,0,0,0,0,0,0
"Spirelike Interactive",web,c:10385,0,1,0,NULL,0,0,15117,971,0,0,0,0,0,1,0,0,0,0,0,0,0,0
"Habanero Consulting Group",consulting,c:103853,0,2,260,NULL,0,0,5005,136,1,0,0,0,0,1,0,0,0,0,0,0,0,0
"Trade Blinds",ecommerce,c:103855,0,NULL,389,NULL,0,0,9064,271,0,0,0,0,0,0,0,0,0,0,0,0,0,0
"UDI System",search,c:103857,0,1,91,1,0,0,2181,70,1,0,0,0,0,1,0,0,0,0,0,0,0,0
"Libertas Academica",web,c:10386,0,1,164,NULL,0,0,15117,971,1,0,0,0,0,0,0,0,0,0,0,0,0,0
HILTI,other,c:10387,0,1,0,2,0,0,13616,313,1,0,0,0,0,0,0,0,0,0,0,0,0,0
TownConnect,other,c:10388,0,1,133,NULL,0,0,13616,313,1,0,0,0,0,0,0,0,0,0,0,0,0,0
"Japan Produkt",ecommerce,c:103885,0,1,74,1,0,0,9064,271,0,0,0,0,0,1,0,0,0,0,0,0,0,0
"Blank Canvas Studios",web,c:10389,0,NULL,121,NULL,0,0,15117,971,0,0,0,0,0,0,0,0,0,0,0,0,0,0
Nurun,public_relations,c:103892,0,4,0,1,0,0,2845,215,1,0,0,0,0,0,0,0,0,0,1,NULL,0,0
cheapbatteryshop.com.au,hardware,c:103898,0,NULL,0,NULL,0,0,2950,200,0,0,0,0,0,0,0,0,0,0,0,0,0,0
Zolve,network_hosting,c:1039,0,NULL,128,2,0,0,2349,201,1,1,0,0,0,0,0,0,0,0,0,0,0,0
"DAILY FUND",NULL,c:103901,0,1,0,1,0,0,0,0,0,0,0,0,0,1,0,0,0,0,0,0,0,0
"Weight Wins",medical,c:103903,0,1,116,NULL,0,0,1152,16,1,0,0,0,952578,1,0,0,0,0,0,0,0,1
"Go Designs",web,c:103905,0,NULL,80,NULL,0,0,15117,971,0,0,0,0,0,0,0,0,0,0,0,0,0,0
"dissertationcapital good",web,c:103910,0,NULL,0,NULL,0,0,15117,971,0,0,0,0,0,0,0,0,0,0,0,0,0,0
Intela,advertising,c:10392,0,4,139,4,0,0,6097,311,2,0,0,2,6625000,0,0,0,1,3,0,0,0,2
etteGo,security,c:103920,0,NULL,0,NULL,0,0,1170,127,0,0,0,0,0,0,0,0,0,0,0,0,0,0
"Centiv Services",NULL,c:103924,0,NULL,200,NULL,0,0,0,-1,1,0,0,0,0,0,0,0,1,0,0,0,0,0
"Spare Change Payments",web,c:10393,0,3,116,1,0,0,15117,970,1,0,0,0,509412,3,3,NULL,1,0,0,0,0,1
Kimola,search,c:103933,0,1,70,NULL,0,0,2181,70,1,0,0,0,0,1,0,0,0,0,0,0,0,0
"AppAware - 42matters",social,c:103935,0,4,0,2,0,0,1309,27,1,0,0,1,NULL,2,0,200,0,1,0,0,0,1
"Farma Holding",NULL,c:103939,0,NULL,0,1,0,0,0,0,1,0,0,0,0,0,0,0,0,0,0,0,0,0
Zambu,web,c:103948,0,1,73,1,0,0,15117,971,1,0,0,0,0,1,0,92,0,0,0,0,0,0
Youpark.com,software,c:10395,0,3,137,NULL,0,0,17921,1466,1,0,0,0,0,1,0,0,0,0,0,0,0,0
"Meta Watch",NULL,c:103957,0,NULL,0,2,0,0,0,0,1,0,0,0,0,0,0,0,0,0,0,0,0,0
"NYX Interactive",games_video,c:10396,0,4,140,NULL,0,0,7519,342,1,0,0,1,7385500,0,0,0,0,1,0,0,0,1
"The Business Enhancement Business",other,c:103965,0,2,76,1,0,0,13616,313,1,1,0,0,0,0,0,0,0,0,0,0,0,0
"Mobile Tulip",mobile,c:103973,0,1,80,1,0,0,6861,416,1,0,0,0,0,1,0,0,0,0,0,0,0,0
"Fence Workshop",other,c:103974,0,NULL,0,NULL,0,0,13616,313,1,0,0,0,0,0,0,0,0,0,0,0,0,0
Picateers,web,c:10398,0,10,152,1,0,0,15117,971,1,0,0,1,6050000,2,0,380,0,1,0,0,0,2
Prayter,web,c:103980,0,NULL,72,NULL,0,0,15117,971,0,0,0,0,0,0,0,0,0,0,0,0,0,0
wurdzl,games_video,c:103981,0,1,72,1,0,0,7519,342,0,0,0,0,0,0,0,0,0,0,0,0,0,0
"genius loci travel",other,c:103987,0,NULL,195,NULL,0,0,13616,313,2,2,0,0,0,0,0,0,0,0,0,0,0,0
"SailPoint Technologies",enterprise,c:10399,0,10,141,1,0,0,4440,409,1,0,0,4,6457727,0,0,0,0,4,0,0,0,4
"Split An Atom",software,c:103994,0,2,73,1,0,0,17921,1466,0,0,0,0,0,0,0,0,0,0,0,0,0,0
Clikyz,NULL,c:103995,0,2,105,NULL,0,0,0,0,0,0,0,0,0,0,0,0,0,0,0,0,0,0
"Indywood Films",NULL,c:103996,0,1,0,NULL,0,0,0,0,0,0,0,0,0,0,0,0,0,0,0,0,0,0
"Previous Magazine",games_video,c:103997,0,4,80,1,0,0,7519,342,0,0,0,0,0,0,0,0,0,0,0,0,0,0
Steorn,web,c:104,0,5,212,3,0,0,15117,971,1,1,0,0,0,0,0,0,0,0,0,0,0,0
MeisterLabs,web,c:10400,0,4,127,3,0,0,15117,971,2,3,0,0,NULL,2,0,0,0,0,0,0,0,1
"Shirish Productions",software,c:104004,0,1,89,1,0,0,17921,1466,1,0,0,0,0,0,0,0,0,0,0,0,0,0
"APS Security",security,c:104010,0,1,224,NULL,0,0,1170,127,1,0,0,0,0,0,0,0,0,0,0,0,0,0
Winestyr,web,c:104013,0,5,82,2,0,0,15117,971,1,0,0,0,NULL,2,0,212,0,0,0,0,0,1
Silverstreet,mobile,c:104015,1,6,224,2,0,0,6861,416,2,0,0,0,0,0,0,0,0,0,0,0,0,0
"SMS Marketing",software,c:104016,0,2,76,1,0,0,17921,1466,1,0,0,0,0,0,0,0,0,0,0,0,0,0
Moozey,mobile,c:10402,0,2,113,NULL,0,0,6861,416,1,0,0,0,109018,2,0,140,0,0,0,0,0,1
Kynetic,NULL,c:104020,2,7,72,1,0,0,0,0,0,0,0,0,0,1,0,0,0,0,3,NULL,0,0
Twitly,NULL,c:10403,0,NULL,0,NULL,0,0,0,0,0,0,0,0,0,0,0,0,0,0,0,0,0,0
"Racktop Systems",network_hosting,c:104032,0,3,0,NULL,0,0,2349,201,0,0,0,0,0,0,0,0,0,0,0,0,0,0
"Sukin Development",NULL,c:104036,0,1,0,NULL,0,0,0,0,0,0,0,0,0,0,0,0,0,0,0,0,0,0
"GreenLogic India Tecnologies",advertising,c:10404,0,NULL,0,NULL,0,0,6097,312,1,3,0,0,0,0,0,0,0,0,0,0,0,0
BusinessHut,consulting,c:104045,0,NULL,140,NULL,0,0,5005,136,1,0,0,0,0,0,0,0,0,0,0,0,0,0
Weekenture,ecommerce,c:104048,0,1,72,NULL,0,0,9064,271,1,0,0,0,0,0,0,0,0,0,0,0,0,0
CoreCreations?,advertising,c:10405,0,NULL,116,NULL,0,0,6097,312,0,0,0,0,0,0,0,0,0,0,0,0,0,0
"Expert Medical Navigation",medical,c:104057,0,3,94,2,0,0,1152,16,1,0,0,0,NULL,1,0,NULL,0,0,0,0,0,1
"Vanilya Club",web,c:104059,0,1,77,1,0,0,15117,971,1,0,0,0,0,1,0,164,0,0,0,0,0,0
"Sircle Advertising",NULL,c:104062,0,4,0,2,0,0,0,0,1,0,0,0,0,0,0,0,0,0,0,0,0,0
Socure,security,c:104068,0,7,60,2,0,0,1170,127,1,0,0,0,1700000,3,0,332,0,0,0,0,0,1
Linkua,games_video,c:10407,0,NULL,127,NULL,0,0,7519,342,1,0,0,0,NULL,0,0,0,0,0,0,0,0,1
EverySpot,other,c:104071,0,2,90,1,0,0,13616,313,1,0,0,0,0,1,0,0,0,0,0,0,0,0
"Orbex Solutions",public_relations,c:104074,0,NULL,0,NULL,0,0,2845,215,1,0,0,0,0,0,0,0,0,0,0,0,0,0
cortacontas,ecommerce,c:104078,0,NULL,0,NULL,0,0,9064,271,0,0,0,0,0,0,0,0,0,0,0,0,0,0
eBehavior,ecommerce,c:104079,0,NULL,0,NULL,0,0,9064,271,0,0,0,0,0,0,0,0,0,0,0,0,0,0
"Mexuar Communications",software,c:10408,0,NULL,149,NULL,0,0,17921,1466,1,0,0,0,0,0,0,0,0,0,0,0,0,0
PagosOnLine,ecommerce,c:104081,0,NULL,0,NULL,0,0,9064,271,0,0,0,0,0,0,0,0,0,0,0,0,0,0
DineroMail,ecommerce,c:104083,0,1,0,1,0,0,9064,271,0,0,0,0,0,1,0,248,0,0,0,0,0,0
Printspal,ecommerce,c:104084,0,NULL,0,NULL,0,0,9064,271,1,0,0,0,0,0,0,0,0,0,0,0,0,0
PistaCerta,ecommerce,c:104086,0,NULL,0,NULL,0,0,9064,271,0,0,0,0,0,0,0,0,0,0,0,0,0,0
Confiômetro,ecommerce,c:104087,0,NULL,0,NULL,0,0,9064,271,0,0,0,0,0,0,0,0,0,0,0,0,0,0
2pad,games_video,c:10409,0,4,132,1,0,0,7519,342,1,0,0,0,0,3,0,0,0,0,0,0,0,0
CastTHAT,public_relations,c:104090,0,NULL,104,1,0,0,2845,215,1,0,0,0,0,0,0,0,0,0,0,0,0,0
Bitcasa,enterprise,c:104093,0,5,80,2,0,0,4440,409,1,0,0,3,6500000,3,0,260,0,7,0,0,0,4
RecipeMatcher,web,c:1041,0,1,119,1,0,0,15117,971,1,1,0,0,0,1,0,0,0,0,0,0,0,0
"Oh!STUDIO Media Solutions",consulting,c:10410,0,3,122,NULL,0,0,5005,136,1,0,0,0,0,0,0,0,0,0,0,0,0,0
www.bluenile.com,NULL,c:104101,0,NULL,0,NULL,0,0,0,0,0,0,0,0,0,0,0,0,0,0,0,0,0,0
www.ice.com,NULL,c:104102,0,NULL,0,NULL,0,0,0,0,0,0,0,0,0,0,0,0,0,0,0,0,0,0
"Divas Diamond",ecommerce,c:104103,0,3,76,1,0,0,9064,271,1,0,0,0,900000,3,0,0,0,0,0,0,0,1
"Far End Gear",hardware,c:104104,0,NULL,0,NULL,0,0,2950,200,0,4,0,0,0,0,0,0,0,0,0,0,0,0
SporeStory,games_video,c:104118,0,1,73,1,0,0,7519,342,0,0,0,0,0,1,0,0,0,0,0,0,0,0
"Better Voicemail",mobile,c:104119,0,3,74,NULL,0,0,6861,416,1,0,0,0,0,2,0,0,0,0,0,0,0,0
"Carribean International trading",public_relations,c:10412,0,NULL,189,NULL,0,0,2845,215,1,0,0,0,0,0,0,0,0,0,0,0,0,0
"Focus on Mexico",NULL,c:104121,0,NULL,0,NULL,0,0,0,0,0,0,0,0,0,0,0,0,0,0,0,0,0,0
"Retire in Mexico",consulting,c:104122,0,NULL,92,NULL,0,0,5005,136,0,0,0,0,0,0,0,0,0,0,0,0,0,0
Doot,mobile,c:104124,0,1,78,1,0,0,6861,416,0,0,0,0,0,1,0,236,0,0,0,0,0,0
GreenRoad,NULL,c:104126,0,1,0,NULL,0,0,0,0,0,0,0,0,0,0,0,0,0,0,0,0,0,0
"Myriad Tech",software,c:10413,0,3,147,1,0,0,17921,1466,0,4,0,0,0,0,0,0,0,0,0,0,0,0
"Red Seraphim",games_video,c:104132,0,5,0,NULL,0,0,7519,342,1,0,0,0,50000,0,0,0,0,0,0,0,0,1
"BubbleLife Media",advertising,c:104138,0,2,116,2,0,0,6097,312,1,0,0,0,50000,0,0,0,0,0,1,NULL,0,1
DiversiTee,other,c:10414,0,NULL,109,NULL,0,0,13616,313,0,0,0,0,0,0,0,0,0,0,0,0,0,0
Zuppler,ecommerce,c:104140,0,6,106,1,0,0,9064,271,3,0,0,0,0,1,0,0,0,0,0,0,0,0
"Imagined Apps, LLC",games_video,c:104141,0,1,84,1,0,0,7519,342,1,0,0,0,0,1,0,0,0,0,0,0,0,0
ITverse,software,c:104148,0,NULL,146,NULL,0,0,17921,1466,1,0,0,0,0,0,0,0,0,0,0,0,0,0
"Lime Design",NULL,c:10415,0,1,0,NULL,0,0,0,0,0,0,0,0,0,1,0,NULL,0,0,0,0,0,0
dianomi,advertising,c:104151,0,1,176,2,0,0,6097,312,3,0,0,0,0,0,0,0,0,0,0,0,0,0
Neoris,consulting,c:10416,0,4,212,1,0,0,5005,136,1,0,0,0,0,0,0,0,0,0,0,0,0,0
B2Brev,ecommerce,c:104160,0,2,0,NULL,0,0,9064,271,0,0,0,1,NULL,2,0,0,0,1,0,0,0,1
Streamliner,web,c:104163,0,5,0,NULL,0,0,15117,971,0,0,0,0,0,4,0,NULL,0,0,0,0,0,0
"Rhino House",games_video,c:104164,0,NULL,182,NULL,0,0,7519,342,1,0,0,0,0,0,0,0,0,0,0,0,0,0
DigMyData,ecommerce,c:104166,0,2,104,1,0,0,9064,271,2,0,0,0,0,2,0,NULL,0,0,0,0,0,0
Emerginvest,web,c:10417,0,4,128,2,0,0,15117,971,1,0,0,0,0,0,0,0,0,0,0,0,0,0
"QSoft Vietnam",software,c:104175,0,NULL,144,NULL,0,0,17921,1466,1,1,0,0,0,0,0,0,0,0,0,0,0,0
tweetSMS,mobile,c:10418,0,NULL,0,NULL,0,0,6861,416,0,0,0,0,0,0,0,0,0,0,0,0,0,0
"RISC Partners",NULL,c:10419,0,2,0,1,0,0,0,0,0,0,0,0,0,1,0,272,0,0,0,0,0,0
"Wincor Nixdorf",NULL,c:104191,0,3,0,1,0,0,0,0,0,0,0,0,0,0,0,0,0,0,0,0,0,0
"Keba AG",NULL,c:104192,0,NULL,0,NULL,0,0,0,0,0,0,0,0,0,0,0,0,0,0,0,0,0,0
Solutionary,security,c:104193,1,8,212,NULL,0,0,1170,126,1,0,0,1,NULL,0,0,0,1,1,0,0,0,1
Diebold,security,c:104194,0,14,0,1,0,0,1170,127,1,0,0,0,0,0,0,0,0,0,1,NULL,0,0
"Ascension Orthopedics",biotech,c:104196,0,2,260,NULL,0,0,4429,454,1,0,0,0,18664050,0,0,0,1,0,0,0,0,1
"Integra LifeSciences Holdings",biotech,c:104198,0,5,0,1,0,0,4429,455,1,0,0,0,0,0,0,0,0,0,1,65000000,0,0
"Whiskey Media",web,c:1042,0,6,119,1,0,0,15117,970,1,3,0,1,2000000,0,0,0,1,1,0,0,0,2
Commerce360,NULL,c:10420,0,1,0,NULL,0,0,0,0,0,0,0,0,0,0,0,0,0,0,0,0,0,0
"Team Robot",games_video,c:104201,0,3,81,1,0,0,7519,342,0,0,0,0,25000,3,0,188,0,0,0,0,0,1
TurnTide,NULL,c:10421,0,4,0,1,0,0,0,-1,0,0,0,1,750000,1,1,NULL,1,1,0,0,0,1
FallTerms.com,network_hosting,c:104218,0,2,81,1,0,0,2349,201,0,0,0,0,0,2,0,0,0,0,0,0,0,0
"ePrivacy Group",NULL,c:10422,0,1,0,NULL,0,0,0,0,0,0,0,0,0,0,0,0,0,0,0,0,0,0
EyeOnJewels,ecommerce,c:104220,0,1,127,1,0,0,9064,271,1,0,0,0,0,1,0,0,0,0,0,0,0,0
Balluun,ecommerce,c:104224,1,5,97,2,0,0,9064,271,1,1,0,1,8700000,2,0,296,0,1,0,0,0,1
Psismic,web,c:10423,0,NULL,126,1,0,0,15117,971,0,1,0,0,0,0,0,0,0,0,0,0,0,0
FitnessKeeper,health,c:10424,0,6,116,4,0,0,1697,27,1,0,0,3,3836667,1,0,200,0,7,0,0,0,3
BrainyAtom,ecommerce,c:10425,0,2,116,NULL,0,0,9064,271,1,2,0,0,0,2,0,272,0,0,0,0,0,0
"Seven Peaks",NULL,c:104253,0,NULL,0,NULL,0,0,0,0,1,0,0,0,0,0,0,0,0,0,1,NULL,0,0
Wonsys,consulting,c:10426,0,3,134,NULL,0,0,5005,136,2,2,0,0,0,3,0,0,0,0,0,0,0,0
Clockies,web,c:104263,0,NULL,0,NULL,0,0,15117,971,0,0,0,0,0,0,0,0,0,0,0,0,0,0
"Toyopa Group, LLC",mobile,c:104268,0,2,75,1,0,0,6861,416,1,0,0,0,0,2,0,116,0,0,0,0,0,0
RentBureau,web,c:10427,0,3,136,NULL,0,0,15117,970,1,0,0,0,NULL,0,0,0,1,0,0,0,0,1
IPO,web,c:10428,0,1,124,1,0,0,15117,971,1,0,0,0,0,0,0,0,0,0,0,0,0,0
onlygowns.com,enterprise,c:104280,0,2,157,NULL,0,0,4440,409,1,0,0,0,0,0,0,0,0,0,0,0,0,0
CoolLifeShop,web,c:104287,0,NULL,0,NULL,0,0,15117,971,0,0,0,0,0,0,0,0,0,0,0,0,0,0
VoodooVox,mobile,c:1043,0,13,188,4,0,0,6861,415,1,4,0,4,3216667,0,0,0,1,5,0,0,0,3
CampaignerCRM,software,c:10430,0,12,164,NULL,0,0,17921,1466,1,0,0,3,8000000,1,0,0,0,3,0,0,0,1
Beomedia,NULL,c:104300,0,1,0,1,0,0,0,0,0,0,0,0,0,0,0,0,0,0,0,0,0,0
twenty5media,other,c:104303,0,NULL,102,NULL,0,0,13616,313,1,0,0,1,NULL,0,0,0,0,1,0,0,0,1
iloverewards,NULL,c:104304,0,NULL,0,NULL,0,0,0,0,0,0,0,0,0,0,0,0,0,0,0,0,0,0
Globoforce,NULL,c:104305,0,4,0,NULL,0,0,0,0,1,0,0,1,NULL,0,0,0,0,1,0,0,0,1
TriggerO,enterprise,c:104306,0,2,90,1,0,0,4440,409,1,0,0,0,0,0,0,0,0,0,0,0,0,0
Green-line,NULL,c:10431,0,1,0,NULL,0,0,0,0,0,0,0,0,0,0,0,0,0,0,0,0,0,0
AutoXY,search,c:104311,0,NULL,104,NULL,0,0,2181,70,0,0,0,0,0,0,0,0,0,0,0,0,0,0
"ClickN KIDS",education,c:104321,0,5,172,1,0,0,2900,33,1,3,0,0,4000000,2,0,0,0,0,0,0,0,1
Cinergy,games_video,c:104335,0,5,222,1,0,0,7519,342,1,0,0,0,0,2,0,212,0,0,0,0,0,0
Purseandco,other,c:104339,0,NULL,79,NULL,0,0,13616,313,0,0,0,0,0,0,0,0,0,0,0,0,0,0
Tpad,public_relations,c:10434,0,2,140,2,0,0,2845,215,1,0,0,0,0,0,0,0,0,0,0,0,0,0
AdDynamics,advertising,c:104347,0,NULL,86,NULL,0,0,6097,312,1,0,0,0,0,0,0,0,0,0,0,0,0,0
"Rare Ideas",software,c:104348,0,NULL,0,NULL,0,0,17921,1466,0,0,0,0,0,0,0,0,0,0,0,0,0,0
Imixs,software,c:10435,0,NULL,200,NULL,0,0,17921,1466,0,0,0,0,0,0,0,0,0,0,0,0,0,0
Cignis,enterprise,c:10436,0,1,123,NULL,0,0,4440,409,1,0,0,0,20000,0,0,0,0,0,0,0,0,1
"Ad & Web Agency",other,c:104361,0,1,200,NULL,0,0,13616,313,0,0,0,0,0,0,0,0,0,0,0,0,0,0
MaxROY.com,advertising,c:104363,0,2,107,1,0,0,6097,312,1,0,0,0,0,0,0,0,0,0,0,0,0,0
"MedicsPro - Medical Recruitments",other,c:104369,0,1,0,NULL,0,0,13616,313,1,0,0,0,0,0,0,0,0,0,0,0,0,0
Propertyshark,ecommerce,c:10437,0,3,176,1,0,0,9064,270,1,1,0,0,0,1,1,0,1,0,0,0,0,0
"Tremor Video",advertising,c:104377,0,24,152,3,0,0,6097,312,4,0,0,3,19400000,1,1,248,0,10,2,86000000,0,8
netwaking,games_video,c:104382,0,NULL,80,NULL,0,0,7519,342,0,0,0,0,0,0,0,0,0,0,0,0,0,0
Jorbb,web,c:10439,0,1,108,NULL,0,0,15117,971,1,0,0,0,0,1,0,0,0,0,0,0,0,0
Maginio,software,c:104391,0,1,73,NULL,0,0,17921,1466,1,0,0,0,0,0,0,0,0,0,0,0,0,0
StickyADStv,advertising,c:104393,0,2,93,1,0,0,6097,312,1,1,0,2,2847043,2,0,0,0,2,0,0,0,2
Visma,software,c:104398,0,NULL,0,NULL,0,0,17921,1466,1,0,0,0,0,0,0,0,0,0,0,0,1,0
"buero fuer neues denken",public_relations,c:104399,0,2,78,1,0,0,2845,215,1,0,0,0,0,2,0,0,0,0,0,0,0,0
"ICUC Moderation Services",software,c:10440,0,1,0,NULL,0,0,17921,1465,1,0,0,0,0,1,1,0,1,0,0,0,0,0
archup,web,c:104406,0,NULL,73,NULL,0,0,15117,971,0,0,0,0,0,0,0,0,0,0,0,0,0,0
Covers.com,NULL,c:104407,0,NULL,0,NULL,0,0,0,0,0,0,0,0,0,0,0,0,0,0,0,0,0,0
LineGuru,games_video,c:104408,0,1,73,1,0,0,7519,342,1,0,0,0,0,1,0,0,0,0,0,0,0,0
Swarrm,web,c:10441,0,1,117,NULL,0,0,15117,971,0,0,0,0,0,0,0,0,0,0,0,0,0,0
Ribosom,ecommerce,c:104410,0,NULL,93,NULL,0,0,9064,271,1,1,0,0,0,0,0,0,0,0,0,0,0,0
MingJian,web,c:104412,0,1,90,1,0,0,15117,971,1,0,0,0,0,1,0,0,0,0,0,0,0,0
ii4b,finance,c:104413,0,3,73,1,0,0,1385,40,2,0,0,1,NULL,0,0,0,0,1,0,0,0,1
"Staybrite Solar",other,c:104415,0,NULL,0,NULL,0,0,13616,313,0,0,0,0,0,0,0,0,0,0,0,0,0,0
MyFavz,ecommerce,c:10442,0,3,111,NULL,0,0,9064,271,0,0,0,0,0,1,0,0,0,0,0,0,0,0
TempWorks,enterprise,c:104420,0,NULL,246,NULL,0,0,4440,409,0,0,0,0,0,0,0,0,0,0,0,0,0,0
"interRel Consulting",NULL,c:104428,0,1,0,1,0,0,0,0,1,0,0,0,0,0,0,0,0,0,0,0,0,0
"Principal Mortgage",NULL,c:104429,0,1,0,1,0,0,0,0,0,0,0,0,0,0,0,0,0,0,0,0,0,0
Ncrhunt,search,c:10443,0,2,109,NULL,0,0,2181,70,0,0,0,0,0,2,0,140,0,0,0,0,0,0
"RFS Systems",NULL,c:104430,0,1,0,1,0,0,0,0,0,0,0,0,0,0,0,0,0,0,0,0,0,0
Westaff,NULL,c:104431,0,1,0,1,0,0,0,0,0,0,0,0,0,0,0,0,0,0,0,0,0,0
2EN,cleantech,c:104436,0,NULL,200,NULL,0,0,1939,115,1,0,0,0,0,0,0,0,0,0,0,0,0,0
HexaCorp,software,c:10444,0,NULL,193,NULL,0,0,17921,1466,2,0,0,0,0,0,0,0,0,0,0,0,0,0
"Decision Cloud",software,c:104446,0,1,80,1,0,0,17921,1466,1,0,0,0,0,0,0,0,0,0,0,0,0,0
Shareagift,ecommerce,c:104450,0,2,83,1,0,0,9064,271,2,0,0,0,0,0,0,0,0,0,0,0,0,0
TapRush,mobile,c:104452,0,3,80,1,0,0,6861,416,1,0,0,0,1200000,0,0,0,0,0,0,0,0,1
"NextGig Systems",network_hosting,c:104460,0,NULL,104,NULL,0,0,2349,201,4,0,0,0,0,0,0,0,0,0,0,0,0,0
Do2Learn,NULL,c:104466,0,NULL,0,NULL,0,0,0,0,1,0,0,0,0,0,0,0,0,0,0,0,0,0
LessonPix,web,c:104467,0,2,77,1,0,0,15117,971,1,0,0,0,0,0,0,0,0,0,0,0,0,0
Fizmo,software,c:10447,0,NULL,128,NULL,0,0,17921,1466,1,0,0,0,0,0,0,0,0,0,0,0,0,0
www.Ted.com,NULL,c:104472,0,NULL,0,NULL,0,0,0,0,0,0,0,0,0,0,0,0,0,0,0,0,0,0
www.Quora.com,NULL,c:104473,0,NULL,0,NULL,0,0,0,0,0,0,0,0,0,0,0,0,0,0,0,0,0,0
www.merlot.org,NULL,c:104474,0,NULL,0,NULL,0,0,0,0,0,0,0,0,0,0,0,0,0,0,0,0,0,0
"Roster Dilemma",web,c:10448,0,1,128,NULL,0,0,15117,971,0,0,0,0,0,1,0,0,0,0,0,0,0,0
iyiyes,search,c:104481,0,NULL,74,NULL,0,0,2181,70,1,0,0,0,0,0,0,0,0,0,0,0,0,0
Merlot.org,NULL,c:104483,0,NULL,0,NULL,0,0,0,0,0,0,0,0,0,0,0,0,0,0,0,0,0,0
Lirmi,education,c:104484,0,6,65,1,0,0,2900,33,1,0,0,0,0,0,0,0,0,0,0,0,0,0
StartUpInBrazil,legal,c:104488,0,NULL,73,NULL,0,0,1011,4,0,0,0,0,0,0,0,0,0,0,0,0,0,0
"Many Ads",consulting,c:10449,0,NULL,0,NULL,0,0,5005,136,1,0,0,0,0,0,0,0,0,0,0,0,0,0
amoCRM,software,c:104492,0,3,164,1,0,0,17921,1466,1,0,0,0,0,0,0,0,0,0,0,0,0,0
Keynote,NULL,c:104494,0,NULL,0,1,0,0,0,0,0,0,0,0,0,0,0,0,0,0,0,0,0,0
"TV Links",games_video,c:1045,0,NULL,0,2,0,0,7519,342,1,1,0,0,0,0,0,0,0,0,0,0,0,0
Feedoor,NULL,c:10450,0,1,0,NULL,0,0,0,0,0,0,0,0,0,1,0,0,0,0,0,0,0,0
Hollre,web,c:104505,0,2,83,1,0,0,15117,971,1,0,0,0,0,2,0,0,0,0,0,0,0,0
Brightshares,network_hosting,c:10451,0,2,0,NULL,0,0,2349,201,1,0,0,0,0,1,0,0,0,0,0,0,0,0
Dolcera,consulting,c:104517,0,3,161,1,0,0,5005,136,2,0,0,0,0,0,0,0,0,0,0,0,0,0
"Image Space Media",advertising,c:10452,0,9,116,2,0,0,6097,311,2,0,0,3,1957500,2,2,200,1,3,0,0,0,2
Bankrate,web,c:10453,0,5,296,3,0,0,15117,971,1,0,0,0,0,0,0,0,0,0,5,492040000,0,0
Moviecom.tv,games_video,c:104538,0,4,128,1,0,0,7519,342,1,0,0,0,811057,4,0,0,0,0,0,0,0,1
SearchRev,advertising,c:10454,0,1,188,NULL,0,0,6097,311,1,0,0,0,0,1,1,0,1,0,0,0,0,0
ORAMA,other,c:104543,0,NULL,74,NULL,0,0,13616,313,1,0,0,0,0,0,0,0,0,0,0,0,0,0
ROKKAN,advertising,c:104545,0,NULL,204,NULL,0,0,6097,312,0,0,0,0,0,0,0,0,0,0,0,0,0,0
"Resource Interactive",advertising,c:104546,0,2,0,1,0,0,6097,312,1,0,0,1,NULL,0,0,0,0,1,0,0,0,1
"Alexander Interactive (Ai)",ecommerce,c:104547,0,10,188,1,0,0,9064,271,1,0,0,0,0,1,0,NULL,0,0,0,0,0,0
Highgroove,software,c:104549,0,3,140,1,0,0,17921,1466,2,0,0,0,0,0,0,0,0,0,0,0,0,0
AKQA,advertising,c:10455,0,20,272,2,0,0,6097,311,7,0,0,0,0,0,0,0,1,0,1,NULL,1,0
"Let's Powwow",NULL,c:104556,0,1,0,1,0,0,0,0,0,0,0,0,0,0,0,0,0,0,0,0,0,0
AppAddictive,advertising,c:104557,0,2,0,2,0,0,6097,312,1,0,0,2,1200000,1,0,NULL,0,2,0,0,0,1
"Xalis Network",NULL,c:104558,0,1,0,1,0,0,0,0,0,0,0,0,0,0,0,0,0,0,0,0,0,0
Ticketsreview,games_video,c:10456,0,NULL,128,NULL,0,0,7519,342,0,0,0,0,0,0,0,0,0,0,0,0,0,0
"Universal Group Social Media",consulting,c:104563,0,1,74,1,0,0,5005,136,1,0,0,0,0,0,0,0,0,0,0,0,0,0
TapnScrap,mobile,c:104568,0,NULL,91,NULL,0,0,6861,416,1,0,0,1,15000,0,0,0,0,1,0,0,0,1
Softonic,web,c:10458,0,1,242,1,0,0,15117,971,6,0,0,0,0,0,0,0,0,0,0,0,0,0
Gaopeng,NULL,c:104582,0,1,0,NULL,0,0,0,0,0,0,0,0,0,1,0,0,0,0,0,0,0,0
"Aequor Technologies",consulting,c:104585,0,NULL,0,1,0,0,5005,136,1,0,0,0,0,0,0,0,0,0,0,0,0,0
"AI Exchange",finance,c:104587,0,3,0,1,0,0,1385,40,1,0,0,4,1500000,0,0,0,0,4,0,0,0,1
"MPC Data",software,c:104591,0,NULL,0,NULL,0,0,17921,1465,1,0,0,0,0,0,0,0,1,0,0,0,0,0
JetSuite,transportation,c:104594,0,5,0,NULL,0,0,488,7,1,0,0,0,7000000,0,0,0,0,0,0,0,0,1
"Datarisk Global Holdings",enterprise,c:104595,0,NULL,0,NULL,0,0,4440,409,1,0,0,0,0,0,0,0,0,0,0,0,0,0
"Latin Trade Group",other,c:104596,0,1,0,2,0,0,13616,313,1,0,0,0,0,0,0,0,0,0,1,NULL,0,0
"RF Surgical Systems",medical,c:104598,0,1,0,NULL,0,0,1152,16,1,0,0,3,6060000,0,0,0,0,3,0,0,0,2
alluc,games_video,c:1046,0,NULL,99,1,0,0,7519,342,1,1,0,0,0,0,0,0,0,0,0,0,0,0
Rowdii,search,c:10460,0,1,121,NULL,0,0,2181,70,1,0,0,0,0,0,0,0,0,0,0,0,0,0
AM-Pharma,biotech,c:104601,1,4,0,1,0,0,4429,455,1,0,0,4,39843400,0,0,0,0,4,0,0,0,1
CURRENT,software,c:104603,0,1,0,1,0,0,17921,1466,1,0,0,3,13000000,0,0,0,0,3,0,0,0,1
"The Rainmaker Group",software,c:104607,0,2,0,2,0,0,17921,1466,1,0,0,1,21400000,1,0,416,0,2,0,0,0,2
Optemotional,NULL,c:104608,0,1,0,NULL,0,0,0,0,0,0,0,0,0,1,0,200,0,0,0,0,0,0
"Arrien Pharmaceuticals",biotech,c:104610,0,1,0,NULL,0,0,4429,455,1,0,0,0,2000000,1,0,0,0,0,0,0,0,1
"Switch Bulb Company",other,c:104617,0,5,0,NULL,0,0,13616,313,1,0,0,0,0,0,0,0,0,0,0,0,0,0
"Millionaire Network",advertising,c:104618,0,3,89,1,0,0,6097,312,2,0,0,0,0,3,0,0,0,0,0,0,0,0
TargetRx,NULL,c:104619,0,2,224,1,0,0,0,-1,1,0,0,0,0,0,0,0,1,0,0,0,0,0
"Bionic Books",web,c:10462,0,2,0,NULL,0,0,15117,971,1,1,0,0,0,0,0,0,0,0,0,0,0,0
"Jivity Merchandising Pvt Ltd",other,c:104624,0,4,92,NULL,0,0,13616,313,1,0,0,0,0,0,0,0,0,0,0,0,0,0
SimpleLIFE.in,ecommerce,c:104628,0,NULL,76,NULL,0,0,9064,271,1,0,0,0,0,0,0,0,0,0,0,0,0,0
"The MegaPhone Company",software,c:10463,0,NULL,184,2,0,0,17921,1466,1,0,0,0,0,0,0,0,0,0,0,0,0,0
"PC Gigs",software,c:104630,0,NULL,0,NULL,0,0,17921,1466,0,0,0,0,0,0,0,0,0,0,0,0,0,0
36Kr,NULL,c:104631,0,1,0,1,0,0,0,0,0,0,0,0,0,0,0,0,0,0,0,0,0,0
TEDxFactory798,NULL,c:104632,0,1,0,1,0,0,0,0,0,0,0,0,0,0,0,0,0,0,0,0,0,0
TEDxChange,NULL,c:104633,0,1,0,1,0,0,0,0,0,0,0,0,0,0,0,0,0,0,0,0,0,0
AdroitLogic,software,c:104634,0,NULL,92,NULL,0,0,17921,1466,1,0,0,0,0,0,0,0,0,0,0,0,0,0
Kwestr,web,c:104636,0,2,84,1,0,0,15117,971,1,0,0,7,57000,0,0,0,0,7,0,0,0,1
"36 kr",public_relations,c:104638,0,NULL,82,NULL,0,0,2845,215,1,0,0,0,0,0,0,0,0,0,0,0,0,0
36tr,enterprise,c:104642,0,NULL,75,NULL,0,0,4440,409,0,0,0,0,0,0,0,0,0,0,0,0,0,0
"Freedom Business School",other,c:104647,0,NULL,0,NULL,0,0,13616,313,0,0,0,0,0,0,0,0,0,0,0,0,0,0
SkyView,NULL,c:10465,0,2,0,2,0,0,0,0,0,0,0,0,0,0,0,0,0,0,0,0,0,0
"Super Jay",games_video,c:104650,0,NULL,73,1,0,0,7519,342,1,2,0,0,0,0,0,0,0,0,0,0,0,0
"Worldsport Networks",NULL,c:104655,0,1,0,NULL,0,0,0,0,0,0,0,0,0,0,0,0,0,0,0,0,0,0
CuSeeMe,NULL,c:104656,0,1,0,NULL,0,0,0,0,0,0,0,0,0,0,0,0,0,0,0,0,0,0
CellularVision,NULL,c:10466,0,1,0,NULL,0,0,0,0,0,0,0,0,0,0,0,0,0,0,0,0,0,0
"kwestr media",NULL,c:104667,0,NULL,0,1,0,0,0,0,0,0,0,0,0,0,0,0,0,0,0,0,0,0
Pogostick,software,c:10467,0,1,128,1,0,0,17921,1466,1,0,0,0,0,1,0,0,0,0,0,0,0,0
BlueHaze,mobile,c:10468,0,1,0,1,0,0,6861,416,0,0,0,0,0,1,0,0,0,0,0,0,0,0
"PM Gadget",consulting,c:104689,0,2,84,NULL,0,0,5005,136,0,0,0,0,0,2,0,0,0,0,0,0,0,0
Mirchee,search,c:10469,0,NULL,140,NULL,0,0,2181,70,0,0,0,0,0,0,0,0,0,0,0,0,0,0
CondoDomain,web,c:1047,0,4,143,NULL,0,0,15117,970,2,0,0,0,250000,1,1,200,1,0,0,0,0,1
"Medical Intelligence Solutions",consulting,c:10470,0,1,135,NULL,0,0,5005,136,0,0,0,0,0,0,0,0,0,0,0,0,0,0
MedEview,biotech,c:10471,0,1,224,NULL,0,0,4429,455,1,0,0,0,0,0,0,0,0,0,0,0,0,0
"Little Pixels",NULL,c:104710,0,NULL,0,NULL,0,0,0,0,0,0,0,0,0,0,0,0,0,0,0,0,0,0
Blendr,mobile,c:104711,0,2,72,3,0,0,6861,416,1,0,0,0,0,0,0,0,0,0,0,0,0,0
"Lavipharm Labs",NULL,c:10472,0,1,0,NULL,0,0,0,0,0,0,0,0,0,0,0,0,0,0,0,0,0,0
"Viva Consulting",NULL,c:104725,0,1,0,1,0,0,0,0,0,0,0,0,0,0,0,0,0,0,0,0,0,0
"Scotia Pharma",NULL,c:10473,0,1,0,NULL,0,0,0,0,0,0,0,0,0,0,0,0,0,0,0,0,0,0
"Eunoia Labs",NULL,c:104730,0,1,0,NULL,0,0,0,0,0,0,0,0,0,1,0,140,0,0,0,0,0,0
Momment,NULL,c:104731,0,1,0,NULL,0,0,0,0,0,0,0,0,0,1,0,140,0,0,0,0,0,0
CrushBlvd,social,c:104739,0,NULL,80,NULL,0,0,1309,27,1,0,0,0,100000,0,0,0,0,0,0,0,0,1
BIT.GAMES,games_video,c:104749,0,NULL,0,NULL,0,0,7519,342,0,0,0,0,0,0,0,0,0,0,0,0,0,0
"Abbott Labs",biotech,c:10475,2,66,320,2,0,0,4429,455,1,0,0,0,100000,0,0,0,0,0,7,8785000000,2,1
"Clary Business Machines",advertising,c:104751,0,NULL,123,NULL,0,0,6097,312,1,0,0,0,0,0,0,0,0,0,0,0,0,0
gis.to,web,c:104753,0,3,92,1,0,0,15117,971,1,0,0,0,2454,0,0,0,0,0,0,0,0,1
"WMC Global",mobile,c:104756,3,17,130,1,0,0,6861,416,5,0,0,0,0,0,0,0,0,0,0,0,0,0
naxxoo,advertising,c:104757,0,3,128,1,0,0,6097,312,1,0,0,0,0,2,0,0,0,0,0,0,0,0
Holtzbrinck,NULL,c:10476,0,2,0,NULL,0,0,0,0,0,0,0,0,0,0,0,0,0,0,0,0,4,0
Mallstreet,ecommerce,c:104760,0,NULL,97,NULL,0,0,9064,271,0,0,0,0,0,0,0,0,0,0,0,0,0,0
StrategicBCP,NULL,c:104761,0,1,0,1,0,0,0,0,0,0,0,0,0,0,0,0,0,0,0,0,0,0
"Microsoft Research Asia",NULL,c:104763,0,7,0,1,0,0,0,0,0,0,0,0,0,0,0,0,0,0,0,0,0,0
"Mobilizing Health",NULL,c:104764,0,1,0,1,0,0,0,0,0,0,0,0,0,1,0,92,0,0,0,0,0,0
"North Sky",web,c:10477,0,NULL,284,NULL,0,0,15117,970,1,0,0,0,0,0,0,0,1,0,0,0,0,0
"Adaptive Technologies(ATi)",other,c:10478,0,5,203,NULL,0,0,13616,313,1,0,0,0,0,2,0,0,0,0,0,0,0,0
NiftieApps,mobile,c:104781,0,NULL,0,NULL,0,0,6861,416,0,0,0,0,0,0,0,0,0,0,0,0,0,0
DicaX,ecommerce,c:104783,0,2,75,1,0,0,9064,271,0,0,0,0,0,2,0,0,0,0,0,0,0,0
"Tomo Clases",education,c:104785,0,1,80,1,0,0,2900,33,1,0,0,0,0,0,0,0,0,0,0,0,0,0
Shoes4you,ecommerce,c:104788,0,5,75,1,0,0,9064,271,0,0,0,4,NULL,4,0,116,0,4,0,0,0,1
"Freann Financial Services Limited",other,c:104789,0,1,108,1,0,0,13616,313,1,0,0,0,0,0,0,0,0,0,0,0,0,0
Vantagenet,web,c:10479,0,2,248,NULL,0,0,15117,970,0,0,0,0,0,2,2,0,1,0,0,0,0,0
SnapLayout,network_hosting,c:1048,0,3,0,3,0,0,2349,201,1,1,0,1,650000,3,0,128,0,1,0,0,0,1
"Big Stage",web,c:10480,0,6,111,3,0,0,15117,970,1,0,0,3,5300000,2,2,164,1,3,0,0,0,2
Prerunr,NULL,c:104809,0,1,0,1,0,0,0,0,0,0,0,0,0,1,0,0,0,0,0,0,0,0
"Clicky Web Analytics",advertising,c:10481,0,3,130,2,0,0,6097,312,1,0,0,0,0,1,0,0,0,0,0,0,0,0
Sqwoq,NULL,c:104810,0,1,0,1,0,0,0,0,0,0,0,0,0,0,0,0,0,0,0,0,0,0
"Red Hawk Interactive",ecommerce,c:104813,0,NULL,77,NULL,0,0,9064,271,0,0,0,0,0,0,0,0,0,0,0,0,0,0
M-Files,software,c:104815,0,3,200,2,0,0,17921,1466,2,0,0,2,7843200,0,0,0,0,2,0,0,0,1
"Sound Telecom",public_relations,c:104817,0,NULL,0,NULL,0,0,2845,215,0,0,0,0,0,0,0,0,0,0,0,0,0,0
ShiftHound,software,c:104818,0,4,116,1,0,0,17921,1466,1,0,0,0,0,1,0,0,0,0,0,0,0,0
"Goods with Story",NULL,c:104819,0,1,0,1,0,0,0,0,0,0,0,0,0,1,0,0,0,0,0,0,0,0
Tumbltape,web,c:10482,0,1,108,NULL,0,0,15117,971,0,0,0,0,0,1,0,0,0,0,0,0,0,0
JSGeeks,consulting,c:104824,0,NULL,0,NULL,0,0,5005,136,0,0,0,0,0,0,0,0,0,0,0,0,0,0
Arxspan,software,c:104828,0,1,104,NULL,0,0,17921,1466,1,0,0,0,0,1,0,0,0,0,0,0,0,0
"Stationery Style",other,c:10483,0,3,140,NULL,0,0,13616,313,1,0,0,0,0,0,0,0,0,0,0,0,0,0
Snailbox,NULL,c:104832,0,1,0,1,0,0,0,0,0,0,0,0,0,1,0,152,0,0,0,0,0,0
"Emerge Group",NULL,c:104836,0,NULL,0,NULL,0,0,0,0,0,0,0,0,0,0,0,0,0,0,0,0,1,0
"Emerge Studio",software,c:104837,0,1,89,1,0,0,17921,1466,1,0,0,1,100000,0,0,0,0,1,0,0,0,1
eye2eye,NULL,c:104839,0,1,0,NULL,0,0,0,0,0,0,0,0,0,1,0,212,0,0,0,0,0,0
"Plop it on me!",web,c:10484,0,NULL,115,NULL,0,0,15117,971,0,0,0,0,0,0,0,0,0,0,0,0,0,0
"Think Active",software,c:104841,0,2,89,1,0,0,17921,1466,0,0,0,0,0,0,0,0,0,0,0,0,0,0
Indike,search,c:104844,0,1,74,1,0,0,2181,70,1,0,0,0,0,1,0,0,0,0,0,0,0,0
Peers,web,c:104846,0,NULL,72,NULL,0,0,15117,971,0,0,0,0,0,0,0,0,0,0,0,0,0,0
Fashonify.com,web,c:104848,0,1,72,1,0,0,15117,971,0,0,0,0,0,1,0,0,0,0,0,0,0,0
"GE Healthcare",biotech,c:10485,4,60,0,2,0,0,4429,454,0,0,0,0,0,0,0,0,1,0,3,587000000,2,0
BlackWash,consulting,c:104852,0,NULL,157,NULL,0,0,5005,136,0,0,0,0,0,0,0,0,0,0,0,0,0,0
"Green Brick Apps",enterprise,c:104853,0,1,79,1,0,0,4440,409,1,0,0,0,0,1,0,0,0,0,0,0,0,0
Intraware,software,c:10486,0,8,260,1,0,0,17921,1465,1,0,0,0,0,0,0,0,1,0,0,0,0,0
Brightblue,software,c:104861,0,1,212,1,0,0,17921,1466,1,0,0,0,769744,0,0,0,0,0,0,0,0,3
Eezeer,NULL,c:104862,0,NULL,0,NULL,0,0,0,0,0,0,0,0,0,0,0,0,0,0,0,0,0,0
"ARL Mobile",mobile,c:104873,0,2,75,1,0,0,6861,416,1,0,0,0,0,0,0,0,0,0,0,0,0,0
Milobox,advertising,c:10488,0,3,123,NULL,0,0,6097,312,1,1,0,0,0,2,0,NULL,0,0,0,0,0,0
"Linoma Software",software,c:104881,0,18,284,NULL,0,0,17921,1466,1,0,0,0,0,0,0,0,0,0,0,0,0,0
"Fierce Wombat Games",games_video,c:104883,0,1,92,2,0,0,7519,342,0,0,0,0,0,0,0,0,0,0,0,0,0,0
"Netural Communication",NULL,c:104884,0,1,0,1,0,0,0,0,0,0,0,0,0,0,0,0,0,0,0,0,0,0
Flytailit,web,c:104886,0,1,80,NULL,0,0,15117,971,1,0,0,0,0,1,0,0,0,0,0,0,0,0
Postful,public_relations,c:10489,0,NULL,140,NULL,0,0,2845,215,0,0,0,0,0,0,0,0,0,0,0,0,0,0
"T3 Advisors",consulting,c:104890,0,5,193,NULL,0,0,5005,136,2,0,0,0,0,0,0,0,0,0,0,0,0,0
"BSAVI Financial Services t/a moneysmart",web,c:104896,0,NULL,85,NULL,0,0,15117,971,0,0,0,0,0,0,0,0,0,0,0,0,0,0
Confabb,web,c:1049,0,3,135,1,0,0,15117,971,1,2,0,0,200000,1,0,344,0,0,0,0,0,1
Storyfountain,web,c:10490,0,NULL,109,NULL,0,0,15117,971,0,0,0,0,0,0,0,0,0,0,0,0,0,0
Punchh,mobile,c:104908,0,4,92,2,0,0,6861,416,1,0,0,5,4000000,2,0,212,0,5,0,0,0,1
Rentaskilldirect,network_hosting,c:10491,0,NULL,112,NULL,0,0,2349,201,1,0,0,0,0,0,0,0,0,0,0,0,0,0
"KNO Clothing",ecommerce,c:104923,0,2,82,1,0,0,9064,271,0,0,0,0,0,2,0,224,0,0,0,0,0,0
FeeFind,NULL,c:104924,0,1,0,1,0,0,0,0,0,0,0,0,0,1,0,380,0,0,0,0,0,0
"Xerox PARC",NULL,c:104925,0,19,0,1,0,0,0,0,0,0,0,0,0,0,0,0,0,0,0,0,0,0
Trintech,NULL,c:104926,0,6,0,2,0,0,0,0,1,0,0,0,0,0,0,0,0,0,0,0,0,0
ReconArt,software,c:104927,0,NULL,116,NULL,0,0,17921,1466,0,0,0,0,0,0,0,0,0,0,0,0,0,0
Chessapeake,NULL,c:104928,0,NULL,0,NULL,0,0,0,0,1,0,0,0,0,0,0,0,0,0,0,0,0,0
Mirial,software,c:10493,0,NULL,218,NULL,0,0,17921,1465,1,0,0,0,0,0,0,0,1,0,0,0,0,0
"Builders Copilot",advertising,c:10494,0,1,175,NULL,0,0,6097,312,1,0,0,0,0,0,0,0,0,0,0,0,0,0
mylivechat,public_relations,c:104941,0,NULL,174,NULL,0,0,2845,215,0,0,0,0,0,0,0,0,0,0,0,0,0,0
"Boxlight Media",web,c:104942,0,4,127,NULL,0,0,15117,971,1,0,0,0,0,0,0,0,0,0,1,NULL,0,0
meQuilibrium,health,c:104947,0,NULL,0,NULL,0,0,1697,27,1,0,0,2,2300000,0,0,0,0,2,0,0,0,1
"Global Virtual Support",other,c:104953,0,2,104,NULL,0,0,13616,313,2,0,0,0,0,0,0,0,0,0,0,0,0,0
Adprecision,advertising,c:10496,0,3,140,NULL,0,0,6097,312,1,5,0,0,0,2,0,0,0,0,0,0,0,0
"Abengoa Solar",cleantech,c:104962,0,NULL,0,1,0,0,1939,115,1,0,0,0,0,0,0,0,0,0,0,0,1,0
Similarr,search,c:10497,0,1,112,NULL,0,0,2181,70,0,0,0,0,0,1,0,0,0,0,0,0,0,0
EnerTrac,manufacturing,c:104971,0,4,140,NULL,0,0,679,30,1,0,0,4,2600000,0,0,0,0,4,0,0,0,3
Ocision,web,c:104980,0,1,90,NULL,0,0,15117,971,3,0,0,1,533333,1,0,0,0,2,0,0,0,3
"Nerd Attack",mobile,c:104981,0,2,83,NULL,0,0,6861,416,1,0,0,1,35000,2,0,0,0,1,0,0,0,1
"Milk A Deal",web,c:104983,0,2,80,NULL,0,0,15117,971,1,0,0,1,165000,2,0,0,0,1,0,0,0,1
"Long Tail",mobile,c:104984,0,1,140,1,0,0,6861,416,1,0,0,1,20000,1,0,0,0,1,0,0,0,1
"EmPower Research",NULL,c:104988,0,NULL,0,NULL,0,0,0,-1,1,0,0,0,0,0,0,0,1,0,0,0,0,0
"X Factor Publishing “Sticky Finger Books”",other,c:104989,0,NULL,78,NULL,0,0,13616,313,0,0,0,0,0,0,0,0,0,0,0,0,0,0
Bizventurez,public_relations,c:10499,0,3,121,NULL,0,0,2845,215,0,0,0,0,0,2,0,0,0,0,0,0,0,0
"Accelerated Ventures",consulting,c:104992,0,1,162,1,0,0,5005,136,1,0,0,0,0,0,0,0,0,0,0,0,0,0
"Video Messaging Service",NULL,c:104997,0,NULL,0,NULL,0,0,0,0,0,0,0,0,0,0,0,0,0,0,0,0,0,0
Surphace,web,c:105,0,15,147,4,0,0,15117,970,3,1,0,6,1750000,4,4,404,1,11,0,0,0,2
Parentree,web,c:10500,0,3,113,NULL,0,0,15117,971,1,0,0,0,0,0,0,0,0,0,0,0,0,0
Eventfinda,software,c:105002,0,4,146,2,0,0,17921,1466,2,0,0,1,NULL,1,0,224,0,1,0,0,0,5
Kalmest,web,c:105003,0,3,80,NULL,0,0,15117,971,1,0,0,0,0,3,0,0,0,0,0,0,0,0
iSuggest,mobile,c:105004,0,NULL,106,NULL,0,0,6861,416,1,0,0,0,0,0,0,0,0,0,0,0,0,0
Rundown,web,c:105005,0,4,80,NULL,0,0,15117,971,1,0,0,1,NULL,4,0,0,0,1,0,0,0,1
Utopic,web,c:105007,0,2,79,1,0,0,15117,971,1,0,0,0,0,2,0,224,0,0,0,0,0,0
Base79,advertising,c:105008,0,10,123,NULL,0,0,6097,312,6,0,0,2,7172877,1,0,0,0,2,0,0,0,2
"RSS Mixer",mobile,c:10502,0,NULL,0,NULL,0,0,6861,416,0,2,0,0,0,0,0,0,0,0,0,0,0,0
BuzzWatcher,NULL,c:105041,0,NULL,0,NULL,0,0,0,0,0,0,0,0,0,0,0,0,0,0,0,0,0,0
"Session Digital",NULL,c:105048,0,NULL,0,NULL,0,0,0,0,0,0,0,0,0,0,0,0,0,0,0,0,0,0
"The Pixel",NULL,c:105049,0,NULL,0,NULL,0,0,0,0,0,0,0,0,0,0,0,0,0,0,0,0,0,0
"Ampersand Commerce",ecommerce,c:105050,0,1,116,3,0,0,9064,271,1,0,0,0,0,0,0,0,0,0,0,0,0,0
"Blend360 Communications",public_relations,c:105055,0,NULL,0,NULL,0,0,2845,215,1,0,0,0,0,0,0,0,0,0,0,0,0,0
FxPro,other,c:105057,0,1,140,1,0,0,13616,313,0,0,0,0,0,0,0,0,0,0,0,0,0,0
"Crystal Ball Ltd",mobile,c:105059,0,1,152,NULL,0,0,6861,416,1,1,0,0,0,0,0,0,0,0,0,0,0,0
MotileDc,other,c:105065,0,NULL,0,NULL,0,0,13616,313,1,0,0,0,0,0,0,0,0,0,0,0,0,0
"Outsmart Norge",other,c:105066,0,1,152,1,0,0,13616,313,3,0,0,0,0,1,0,0,0,0,0,0,0,0
